[18:59:04] [ServerMain/INFO]: [bootstrap] Running Java 21 (OpenJDK 64-Bit Server VM 21.0.10+7-LTS; Eclipse Adoptium Temurin-21.0.10+7) on Linux 6.8.0-31-generic (amd64)
[18:59:04] [ServerMain/INFO]: [bootstrap] Loading Paper 1.21.11-128-ver/1.21.11@1fdbce1 (2026-04-04T20:51:11Z) for Minecraft 1.21.11
[18:59:04] [ServerMain/INFO]: [PluginInitializerManager] Initializing plugins...
[18:59:05] [ServerMain/ERROR]: [DirectoryProviderSource] Error preparing plugin context: Directory 'plugins/supertrailspro-1.0.jar' failed to update!
java.lang.RuntimeException: Directory 'plugins/supertrailspro-1.0.jar' failed to update!
	at io.papermc.paper.plugin.provider.source.FileProviderSource.prepareContext(FileProviderSource.java:61) ~[paper-1.21.11.jar:1.21.11-128-1fdbce1]
	at io.papermc.paper.plugin.provider.source.DirectoryProviderSource.lambda$prepareContext$1(DirectoryProviderSource.java:44) ~[paper-1.21.11.jar:1.21.11-128-1fdbce1]
	at java.base/java.util.stream.ForEachOps$ForEachOp$OfRef.accept(ForEachOps.java:184) ~[?:?]
	at java.base/java.util.stream.ReferencePipeline$2$1.accept(ReferencePipeline.java:179) ~[?:?]
	at java.base/java.util.stream.ReferencePipeline$3$1.accept(ReferencePipeline.java:197) ~[?:?]
	at java.base/java.util.Iterator.forEachRemaining(Iterator.java:133) ~[?:?]
	at java.base/java.util.Spliterators$IteratorSpliterator.forEachRemaining(Spliterators.java:1939) ~[?:?]
	at java.base/java.util.stream.AbstractPipeline.copyInto(AbstractPipeline.java:509) ~[?:?]
	at java.base/java.util.stream.AbstractPipeline.wrapAndCopyInto(AbstractPipeline.java:499) ~[?:?]
	at java.base/java.util.stream.ForEachOps$ForEachOp.evaluateSequential(ForEachOps.java:151) ~[?:?]
	at java.base/java.util.stream.ForEachOps$ForEachOp$OfRef.evaluateSequential(ForEachOps.java:174) ~[?:?]
	at java.base/java.util.stream.AbstractPipeline.evaluate(AbstractPipeline.java:234) ~[?:?]
	at java.base/java.util.stream.ReferencePipeline.forEach(ReferencePipeline.java:596) ~[?:?]
	at io.papermc.paper.plugin.provider.source.DirectoryProviderSource.walkFiles(DirectoryProviderSource.java:75) ~[paper-1.21.11.jar:1.21.11-128-1fdbce1]
	at io.papermc.paper.plugin.provider.source.DirectoryProviderSource.prepareContext(DirectoryProviderSource.java:42) ~[paper-1.21.11.jar:1.21.11-128-1fdbce1]
	at io.papermc.paper.plugin.provider.source.DirectoryProviderSource.prepareContext(DirectoryProviderSource.java:17) ~[paper-1.21.11.jar:1.21.11-128-1fdbce1]
	at io.papermc.paper.plugin.util.EntrypointUtil.registerProvidersFromSource(EntrypointUtil.java:14) ~[paper-1.21.11.jar:1.21.11-128-1fdbce1]
	at io.papermc.paper.plugin.PluginInitializerManager.load(PluginInitializerManager.java:113) ~[paper-1.21.11.jar:1.21.11-128-1fdbce1]
	at net.minecraft.server.Main.main(Main.java:108) ~[paper-1.21.11.jar:1.21.11-128-1fdbce1]
	at io.papermc.paper.PaperBootstrap.boot(PaperBootstrap.java:21) ~[paper-1.21.11.jar:1.21.11-128-1fdbce1]
	at org.bukkit.craftbukkit.Main.main(Main.java:204) ~[paper-1.21.11.jar:1.21.11-128-1fdbce1]
	at io.papermc.paperclip.Paperclip.lambda$main$0(Paperclip.java:42) ~[?:?]
	at java.base/java.lang.Thread.run(Thread.java:1583) ~[?:?]
Caused by: org.bukkit.plugin.InvalidPluginException: java.lang.IllegalArgumentException: plugins/supertrailspro-1.0.jar does not contain a paper-plugin.yml or plugin.yml! Could not determine plugin type, cannot load a plugin from it!
	at io.papermc.paper.plugin.provider.source.FileProviderSource.checkUpdate(FileProviderSource.java:141) ~[paper-1.21.11.jar:1.21.11-128-1fdbce1]
	at io.papermc.paper.plugin.provider.source.FileProviderSource.prepareContext(FileProviderSource.java:59) ~[paper-1.21.11.jar:1.21.11-128-1fdbce1]
	... 22 more
Caused by: java.lang.IllegalArgumentException: plugins/supertrailspro-1.0.jar does not contain a paper-plugin.yml or plugin.yml! Could not determine plugin type, cannot load a plugin from it!
	at io.papermc.paper.plugin.provider.source.FileProviderSource.getPluginName(FileProviderSource.java:150) ~[paper-1.21.11.jar:1.21.11-128-1fdbce1]
	at io.papermc.paper.plugin.provider.source.FileProviderSource.checkUpdate(FileProviderSource.java:111) ~[paper-1.21.11.jar:1.21.11-128-1fdbce1]
	... 23 more
[18:59:05] [ServerMain/INFO]: [FileProviderSource] The spark plugin will not be loaded as this server bundles the spark profiler.
[18:59:05] [ServerMain/INFO]: [PluginInitializerManager] Initialized 111 plugins
[18:59:05] [ServerMain/INFO]: [PluginInitializerManager] Paper plugins (2):
 - CrazyVouchers (5.1.5), nightcore (2.14.0)
[18:59:05] [ServerMain/INFO]: [PluginInitializerManager] Bukkit plugins (109):
 - AbsolutEvents (1.0.0), AfkPool (2.1.0), AlonsoTags (2.3-BETA), AntiWorldFly (2.5.4), AnvilUnlocker (1.1.2), AuraMobs (2.2.1), AuraSkills (2.3.12), AxSellwands (1.13.0), AxTrade (1.23.0), BetterRTP (3.6.13), BlockedCmds (2.1.4), BreweryX (3.6.5;HEAD), BroadcastX (1.5-BETA), BungeeGuard (1.3-SNAPSHOT), CMILib (1.5.8.5), CentralCart (1.0.1-e4g7l), ChatGames-Premium (1.9.9), ChestShop (3.12.3-SNAPSHOT (build 423)), Citizens (2.0.41-SNAPSHOT (build 4082)), ClearLag (3.2.2), Codex (2.10.1), Codex (2.9.2), Coins (1.13.1), CommandPanels (3.23.4), CoreTools (1.4.1), CyberLevels (0.5.9), DecentHolograms (2.9.9), DeluxeFireballs (2.2), DeluxeMenus (1.14.1-Release), DiscordSRV (1.30.4), DropXP (1.3.1), Duels (3.5.6), EZColors (2.2.6), EcoEnchants (13.1.0), Elevators (5.0.0-beta.19), Essentials (2.21.2), EssentialsSpawn (2.21.2), ExcellentCrates (6.6.1), ExtractableEnchantments (12.5), FastAsyncWorldEdit (2.15.0+59372c5), GSit (3.3.1), HeadDatabase (4.21.5), HolidayHunt (2.6.2), Hyperstones (1.7.6.2), InfinityTower (1.0), ItemsAdder (4.0.16), ItsMyConfig (4.3.0), Jobs (5.2.6.5), LeaguesVP (1.2.4), Light (1.2), LiteBans (2.18.8), LuckPerms (5.5.28), MCPets (4.1.5-SNAPSHOT), MMOItems (6.10.1-SNAPSHOT), Marriage (2.3.1), MobFarmManager (3.0.0.0), ModelEngine (R4.1.0), Multiverse-Core (4.3.12), MyCommand (5.7.5), MythicLib (1.7.1-SNAPSHOT), MythicMobs (5.11.2-6a371d59), NBTAPI (2.15.5), NameTags (1.5.9-commit-2cc1f69), NextCash (1.2.14), NoBreakCrops (1.0.0), PergaminhosMC (1.1.0), PetNameFix (1.0.3), PhantomSpawnControl (2.1.1), PinataParty (2.69.3), PixelVip (3.1.0), PlaceholderAPI (2.12.2), PlayerAuctions (1.33.0), PlayerPoints (1.0.0), PlayerWarps (7.10.0), Playtimes (1.6.2b), PlugManX (2.4.1), ProtocolLib (5.4.0), PyroFishingPro (4.9.27), PyroLib (1.4.8), Quests (3.16.1-430c34a), Rankup (3.14.4), RedProtect (8.1.3-SNAPSHOT), RedstoneLimiter (1.0.3), SMlib (2.0), SafariNet (1.16.33-SNAPSHOT), ShopGUIPlus (1.112.0), SimpleClans (2.19.3-SNAPSHOT-a2e59c9), SkinsRestorer (15.12.0), SpawnerMeta (25.5), StreamingModule (5.4.0), TAB (5.5.0), UltimateAutoRestart (2025.12), Vault (1.7.3-b131), ViaBackwards (5.8.1), ViaVersion (5.8.1), VoiceChatPlaceholders (1.1), Votifier (2.7.3), WorldGuard (7.0.16+2355-f7fded2), WorldGuardExtraFlags (4.2.4-SNAPSHOT), XLTournaments (3.17.13), ajLeaderboards (2.10.1), craftableNameTags (1.2.4), eco (7.2.0), floodgate (2.2.5-SNAPSHOT (b126-096c605)), nChat (5.6.55), packetevents (2.11.2), prism (4.1), sleep-most (5.7.0), voicechat (2.6.14)
[18:59:08] [ServerMain/INFO]: Environment: Environment[sessionHost=https://sessionserver.mojang.com, servicesHost=https://api.minecraftservices.com, profilesHost=https://api.mojang.com, name=PROD]
[18:59:08] [ServerMain/INFO]: Loaded 1470 recipes
[18:59:08] [ServerMain/INFO]: Loaded 1584 advancements
[18:59:08] [ServerMain/INFO]: [ca.spottedleaf.dataconverter.minecraft.datatypes.MCTypeRegistry] Initialising converters for DataConverter...
[18:59:09] [ServerMain/INFO]: [ca.spottedleaf.dataconverter.minecraft.datatypes.MCTypeRegistry] Finished initialising converters for DataConverter in 178.5ms
[18:59:09] [Server thread/INFO]: Starting minecraft server version 1.21.11
[18:59:09] [Server thread/INFO]: Loading properties
[18:59:09] [Server thread/INFO]: This server is running Paper version 1.21.11-128-ver/1.21.11@1fdbce1 (2026-04-04T20:51:11Z) (Implementing API version 1.21.11-R0.1-SNAPSHOT)
[18:59:09] [Server thread/INFO]: [spark] This server bundles the spark profiler. For more information please visit https://docs.papermc.io/paper/profiling
[18:59:09] [Server thread/INFO]: Server Ping Player Sample Count: 12
[18:59:09] [Server thread/INFO]: Using 4 threads for Netty based IO
[18:59:09] [Server thread/INFO]: [MoonriseCommon] Paper is using 2 worker threads, 1 I/O threads
[18:59:09] [Server thread/ERROR]: [MapSerializer] Could not deserialize key potion into net.minecraft.world.entity.EntityType<?> at [chunks, entity-per-chunk-save-limit]: Missing value in Registry[ResourceKey[minecraft:root / minecraft:entity_type] (Stable)] with key minecraft:potion
[18:59:09] [Server thread/INFO]: Default game type: SURVIVAL
[18:59:09] [Server thread/INFO]: Generating keypair
[18:59:09] [Server thread/INFO]: Starting Minecraft server on 0.0.0.0:25615
[18:59:09] [Server thread/INFO]: Paper: Using libdeflate (Linux x86_64) compression from Velocity.
[18:59:09] [Server thread/INFO]: Paper: Using OpenSSL 3.x.x (Linux x86_64) cipher from Velocity.
[18:59:09] [Server thread/ERROR]: [ModernPluginLoadingStrategy] Ambiguous plugin name 'Codex' for files 'plugins/.paper-remapped/Codex-2.10.1.jar' and 'plugins/.paper-remapped/Codex-2.9.2.jar' in 'plugins/.paper-remapped'
[18:59:09] [Server thread/INFO]: [SpigotLibraryLoader] [Citizens] Loading 4 libraries... please wait
[18:59:09] [Server thread/INFO]: [SpigotLibraryLoader] [Citizens] Loaded library /home/container/libraries/ch/ethz/globis/phtree/phtree/2.8.2/phtree-2.8.2.jar
[18:59:09] [Server thread/INFO]: [SpigotLibraryLoader] [Citizens] Loaded library /home/container/libraries/org/joml/joml/1.10.8/joml-1.10.8.jar
[18:59:09] [Server thread/INFO]: [SpigotLibraryLoader] [Citizens] Loaded library /home/container/libraries/it/unimi/dsi/fastutil/8.5.16/fastutil-8.5.16.jar
[18:59:09] [Server thread/INFO]: [SpigotLibraryLoader] [Citizens] Loaded library /home/container/libraries/team/unnamed/mocha/3.0.0/mocha-3.0.0.jar
[18:59:09] [Server thread/INFO]: [SpigotLibraryLoader] [Citizens] Loaded library /home/container/libraries/org/javassist/javassist/3.30.2-GA/javassist-3.30.2-GA.jar
[18:59:09] [Server thread/INFO]: [SpigotLibraryLoader] [Citizens] Loaded library /home/container/libraries/org/jetbrains/annotations/24.0.1/annotations-24.0.1.jar
[18:59:09] [Server thread/WARN]: [org.bukkit.craftbukkit.legacy.CraftLegacy] Initializing Legacy Material Support. Unless you have legacy plugins and/or data this is a bug!
[18:59:13] [Server thread/WARN]: Legacy plugin PlayerPoints v1.0.0 does not specify an api-version.
[18:59:13] [Server thread/INFO]: [SpigotLibraryLoader] [MythicMobs] Loading 4 libraries... please wait
[18:59:13] [Server thread/INFO]: [SpigotLibraryLoader] [MythicMobs] Loaded library /home/container/libraries/net/kyori/adventure-api/4.16.0/adventure-api-4.16.0.jar
[18:59:13] [Server thread/INFO]: [SpigotLibraryLoader] [MythicMobs] Loaded library /home/container/libraries/net/kyori/adventure-key/4.16.0/adventure-key-4.16.0.jar
[18:59:13] [Server thread/INFO]: [SpigotLibraryLoader] [MythicMobs] Loaded library /home/container/libraries/net/kyori/examination-api/1.3.0/examination-api-1.3.0.jar
[18:59:13] [Server thread/INFO]: [SpigotLibraryLoader] [MythicMobs] Loaded library /home/container/libraries/net/kyori/examination-string/1.3.0/examination-string-1.3.0.jar
[18:59:13] [Server thread/INFO]: [SpigotLibraryLoader] [MythicMobs] Loaded library /home/container/libraries/org/jetbrains/annotations/24.1.0/annotations-24.1.0.jar
[18:59:13] [Server thread/INFO]: [SpigotLibraryLoader] [MythicMobs] Loaded library /home/container/libraries/net/kyori/adventure-platform-bukkit/4.3.2/adventure-platform-bukkit-4.3.2.jar
[18:59:13] [Server thread/INFO]: [SpigotLibraryLoader] [MythicMobs] Loaded library /home/container/libraries/net/kyori/adventure-platform-api/4.3.2/adventure-platform-api-4.3.2.jar
[18:59:13] [Server thread/INFO]: [SpigotLibraryLoader] [MythicMobs] Loaded library /home/container/libraries/net/kyori/adventure-text-serializer-bungeecord/4.3.2/adventure-text-serializer-bungeecord-4.3.2.jar
[18:59:13] [Server thread/INFO]: [SpigotLibraryLoader] [MythicMobs] Loaded library /home/container/libraries/net/kyori/adventure-text-serializer-legacy/4.13.1/adventure-text-serializer-legacy-4.13.1.jar
[18:59:13] [Server thread/INFO]: [SpigotLibraryLoader] [MythicMobs] Loaded library /home/container/libraries/net/kyori/adventure-nbt/4.13.1/adventure-nbt-4.13.1.jar
[18:59:13] [Server thread/INFO]: [SpigotLibraryLoader] [MythicMobs] Loaded library /home/container/libraries/net/kyori/adventure-text-serializer-gson-legacy-impl/4.13.1/adventure-text-serializer-gson-legacy-impl-4.13.1.jar
[18:59:13] [Server thread/INFO]: [SpigotLibraryLoader] [MythicMobs] Loaded library /home/container/libraries/net/kyori/adventure-platform-facet/4.3.2/adventure-platform-facet-4.3.2.jar
[18:59:13] [Server thread/INFO]: [SpigotLibraryLoader] [MythicMobs] Loaded library /home/container/libraries/net/kyori/adventure-platform-viaversion/4.3.2/adventure-platform-viaversion-4.3.2.jar
[18:59:13] [Server thread/INFO]: [SpigotLibraryLoader] [MythicMobs] Loaded library /home/container/libraries/net/kyori/adventure-text-minimessage/4.16.0/adventure-text-minimessage-4.16.0.jar
[18:59:13] [Server thread/INFO]: [SpigotLibraryLoader] [MythicMobs] Loaded library /home/container/libraries/net/kyori/adventure-text-serializer-gson/4.16.0/adventure-text-serializer-gson-4.16.0.jar
[18:59:13] [Server thread/INFO]: [SpigotLibraryLoader] [MythicMobs] Loaded library /home/container/libraries/net/kyori/adventure-text-serializer-json/4.16.0/adventure-text-serializer-json-4.16.0.jar
[18:59:13] [Server thread/INFO]: [SpigotLibraryLoader] [MythicMobs] Loaded library /home/container/libraries/net/kyori/option/1.0.0/option-1.0.0.jar
[18:59:13] [Server thread/INFO]: [SpigotLibraryLoader] [MythicMobs] Loaded library /home/container/libraries/com/google/code/gson/gson/2.8.0/gson-2.8.0.jar
[18:59:13] [Server thread/INFO]: [SpigotLibraryLoader] [CoreTools] Loading 8 libraries... please wait
[18:59:13] [Server thread/INFO]: [SpigotLibraryLoader] [CoreTools] Loaded library /home/container/libraries/org/redisson/redisson/3.50.0/redisson-3.50.0.jar
[18:59:13] [Server thread/INFO]: [SpigotLibraryLoader] [CoreTools] Loaded library /home/container/libraries/io/netty/netty-common/4.1.121.Final/netty-common-4.1.121.Final.jar
[18:59:13] [Server thread/INFO]: [SpigotLibraryLoader] [CoreTools] Loaded library /home/container/libraries/io/netty/netty-codec/4.1.121.Final/netty-codec-4.1.121.Final.jar
[18:59:13] [Server thread/INFO]: [SpigotLibraryLoader] [CoreTools] Loaded library /home/container/libraries/io/netty/netty-buffer/4.1.121.Final/netty-buffer-4.1.121.Final.jar
[18:59:13] [Server thread/INFO]: [SpigotLibraryLoader] [CoreTools] Loaded library /home/container/libraries/io/netty/netty-transport/4.1.121.Final/netty-transport-4.1.121.Final.jar
[18:59:13] [Server thread/INFO]: [SpigotLibraryLoader] [CoreTools] Loaded library /home/container/libraries/io/netty/netty-resolver/4.1.121.Final/netty-resolver-4.1.121.Final.jar
[18:59:13] [Server thread/INFO]: [SpigotLibraryLoader] [CoreTools] Loaded library /home/container/libraries/io/netty/netty-resolver-dns/4.1.121.Final/netty-resolver-dns-4.1.121.Final.jar
[18:59:13] [Server thread/INFO]: [SpigotLibraryLoader] [CoreTools] Loaded library /home/container/libraries/io/netty/netty-codec-dns/4.1.121.Final/netty-codec-dns-4.1.121.Final.jar
[18:59:13] [Server thread/INFO]: [SpigotLibraryLoader] [CoreTools] Loaded library /home/container/libraries/io/netty/netty-handler/4.1.121.Final/netty-handler-4.1.121.Final.jar
[18:59:13] [Server thread/INFO]: [SpigotLibraryLoader] [CoreTools] Loaded library /home/container/libraries/io/netty/netty-transport-native-unix-common/4.1.121.Final/netty-transport-native-unix-common-4.1.121.Final.jar
[18:59:13] [Server thread/INFO]: [SpigotLibraryLoader] [CoreTools] Loaded library /home/container/libraries/javax/cache/cache-api/1.1.1/cache-api-1.1.1.jar
[18:59:13] [Server thread/INFO]: [SpigotLibraryLoader] [CoreTools] Loaded library /home/container/libraries/io/projectreactor/reactor-core/3.6.2/reactor-core-3.6.2.jar
[18:59:13] [Server thread/INFO]: [SpigotLibraryLoader] [CoreTools] Loaded library /home/container/libraries/org/reactivestreams/reactive-streams/1.0.4/reactive-streams-1.0.4.jar
[18:59:13] [Server thread/INFO]: [SpigotLibraryLoader] [CoreTools] Loaded library /home/container/libraries/io/reactivex/rxjava3/rxjava/3.1.8/rxjava-3.1.8.jar
[18:59:13] [Server thread/INFO]: [SpigotLibraryLoader] [CoreTools] Loaded library /home/container/libraries/com/esotericsoftware/kryo/5.6.2/kryo-5.6.2.jar
[18:59:13] [Server thread/INFO]: [SpigotLibraryLoader] [CoreTools] Loaded library /home/container/libraries/com/esotericsoftware/reflectasm/1.11.9/reflectasm-1.11.9.jar
[18:59:13] [Server thread/INFO]: [SpigotLibraryLoader] [CoreTools] Loaded library /home/container/libraries/org/objenesis/objenesis/3.4/objenesis-3.4.jar
[18:59:13] [Server thread/INFO]: [SpigotLibraryLoader] [CoreTools] Loaded library /home/container/libraries/com/esotericsoftware/minlog/1.3.1/minlog-1.3.1.jar
[18:59:13] [Server thread/INFO]: [SpigotLibraryLoader] [CoreTools] Loaded library /home/container/libraries/org/slf4j/slf4j-api/2.0.17/slf4j-api-2.0.17.jar
[18:59:13] [Server thread/INFO]: [SpigotLibraryLoader] [CoreTools] Loaded library /home/container/libraries/com/fasterxml/jackson/core/jackson-annotations/2.18.2/jackson-annotations-2.18.2.jar
[18:59:13] [Server thread/INFO]: [SpigotLibraryLoader] [CoreTools] Loaded library /home/container/libraries/com/fasterxml/jackson/dataformat/jackson-dataformat-yaml/2.18.2/jackson-dataformat-yaml-2.18.2.jar
[18:59:13] [Server thread/INFO]: [SpigotLibraryLoader] [CoreTools] Loaded library /home/container/libraries/org/yaml/snakeyaml/2.3/snakeyaml-2.3.jar
[18:59:13] [Server thread/INFO]: [SpigotLibraryLoader] [CoreTools] Loaded library /home/container/libraries/com/fasterxml/jackson/core/jackson-core/2.18.2/jackson-core-2.18.2.jar
[18:59:13] [Server thread/INFO]: [SpigotLibraryLoader] [CoreTools] Loaded library /home/container/libraries/com/fasterxml/jackson/core/jackson-databind/2.18.2/jackson-databind-2.18.2.jar
[18:59:13] [Server thread/INFO]: [SpigotLibraryLoader] [CoreTools] Loaded library /home/container/libraries/com/fasterxml/jackson/datatype/jackson-datatype-jsr310/2.18.2/jackson-datatype-jsr310-2.18.2.jar
[18:59:13] [Server thread/INFO]: [SpigotLibraryLoader] [CoreTools] Loaded library /home/container/libraries/net/bytebuddy/byte-buddy/1.15.3/byte-buddy-1.15.3.jar
[18:59:13] [Server thread/INFO]: [SpigotLibraryLoader] [CoreTools] Loaded library /home/container/libraries/org/jodd/jodd-util/6.3.0/jodd-util-6.3.0.jar
[18:59:13] [Server thread/INFO]: [SpigotLibraryLoader] [CoreTools] Loaded library /home/container/libraries/com/zaxxer/HikariCP/5.1.0/HikariCP-5.1.0.jar
[18:59:13] [Server thread/INFO]: [SpigotLibraryLoader] [CoreTools] Loaded library /home/container/libraries/org/xerial/sqlite-jdbc/3.50.2.0/sqlite-jdbc-3.50.2.0.jar
[18:59:13] [Server thread/INFO]: [SpigotLibraryLoader] [CoreTools] Loaded library /home/container/libraries/com/cronutils/cron-utils/9.2.1/cron-utils-9.2.1.jar
[18:59:13] [Server thread/INFO]: [SpigotLibraryLoader] [CoreTools] Loaded library /home/container/libraries/net/kyori/adventure-api/4.26.1/adventure-api-4.26.1.jar
[18:59:13] [Server thread/INFO]: [SpigotLibraryLoader] [CoreTools] Loaded library /home/container/libraries/net/kyori/adventure-key/4.26.1/adventure-key-4.26.1.jar
[18:59:13] [Server thread/INFO]: [SpigotLibraryLoader] [CoreTools] Loaded library /home/container/libraries/net/kyori/examination-api/1.3.0/examination-api-1.3.0.jar
[18:59:13] [Server thread/INFO]: [SpigotLibraryLoader] [CoreTools] Loaded library /home/container/libraries/net/kyori/examination-string/1.3.0/examination-string-1.3.0.jar
[18:59:13] [Server thread/INFO]: [SpigotLibraryLoader] [CoreTools] Loaded library /home/container/libraries/org/jetbrains/annotations/26.0.2-1/annotations-26.0.2-1.jar
[18:59:13] [Server thread/INFO]: [SpigotLibraryLoader] [CoreTools] Loaded library /home/container/libraries/net/kyori/adventure-platform-bukkit/4.4.1/adventure-platform-bukkit-4.4.1.jar
[18:59:13] [Server thread/INFO]: [SpigotLibraryLoader] [CoreTools] Loaded library /home/container/libraries/net/kyori/adventure-platform-api/4.4.1/adventure-platform-api-4.4.1.jar
[18:59:13] [Server thread/INFO]: [SpigotLibraryLoader] [CoreTools] Loaded library /home/container/libraries/net/kyori/adventure-text-serializer-bungeecord/4.4.1/adventure-text-serializer-bungeecord-4.4.1.jar
[18:59:13] [Server thread/INFO]: [SpigotLibraryLoader] [CoreTools] Loaded library /home/container/libraries/net/kyori/adventure-nbt/4.21.0/adventure-nbt-4.21.0.jar
[18:59:13] [Server thread/INFO]: [SpigotLibraryLoader] [CoreTools] Loaded library /home/container/libraries/net/kyori/adventure-text-serializer-gson/4.21.0/adventure-text-serializer-gson-4.21.0.jar
[18:59:13] [Server thread/INFO]: [SpigotLibraryLoader] [CoreTools] Loaded library /home/container/libraries/net/kyori/adventure-text-serializer-json/4.21.0/adventure-text-serializer-json-4.21.0.jar
[18:59:13] [Server thread/INFO]: [SpigotLibraryLoader] [CoreTools] Loaded library /home/container/libraries/net/kyori/option/1.1.0/option-1.1.0.jar
[18:59:13] [Server thread/INFO]: [SpigotLibraryLoader] [CoreTools] Loaded library /home/container/libraries/org/jspecify/jspecify/1.0.0/jspecify-1.0.0.jar
[18:59:13] [Server thread/INFO]: [SpigotLibraryLoader] [CoreTools] Loaded library /home/container/libraries/com/google/auto/service/auto-service-annotations/1.1.1/auto-service-annotations-1.1.1.jar
[18:59:13] [Server thread/INFO]: [SpigotLibraryLoader] [CoreTools] Loaded library /home/container/libraries/net/kyori/adventure-text-serializer-commons/4.21.0/adventure-text-serializer-commons-4.21.0.jar
[18:59:13] [Server thread/INFO]: [SpigotLibraryLoader] [CoreTools] Loaded library /home/container/libraries/net/kyori/adventure-text-serializer-gson-legacy-impl/4.21.0/adventure-text-serializer-gson-legacy-impl-4.21.0.jar
[18:59:13] [Server thread/INFO]: [SpigotLibraryLoader] [CoreTools] Loaded library /home/container/libraries/net/kyori/adventure-text-serializer-json-legacy-impl/4.21.0/adventure-text-serializer-json-legacy-impl-4.21.0.jar
[18:59:13] [Server thread/INFO]: [SpigotLibraryLoader] [CoreTools] Loaded library /home/container/libraries/net/kyori/adventure-platform-facet/4.4.1/adventure-platform-facet-4.4.1.jar
[18:59:13] [Server thread/INFO]: [SpigotLibraryLoader] [CoreTools] Loaded library /home/container/libraries/net/kyori/adventure-platform-viaversion/4.4.1/adventure-platform-viaversion-4.4.1.jar
[18:59:13] [Server thread/INFO]: [SpigotLibraryLoader] [CoreTools] Loaded library /home/container/libraries/net/kyori/adventure-text-minimessage/4.26.1/adventure-text-minimessage-4.26.1.jar
[18:59:13] [Server thread/INFO]: [SpigotLibraryLoader] [CoreTools] Loaded library /home/container/libraries/net/kyori/adventure-text-serializer-legacy/4.26.1/adventure-text-serializer-legacy-4.26.1.jar
[18:59:13] [Server thread/INFO]: [SpigotLibraryLoader] [ModelEngine] Loading 3 libraries... please wait
[18:59:13] [Server thread/INFO]: [SpigotLibraryLoader] [ModelEngine] Loaded library /home/container/libraries/net/kyori/adventure-api/4.14.0/adventure-api-4.14.0.jar
[18:59:13] [Server thread/INFO]: [SpigotLibraryLoader] [ModelEngine] Loaded library /home/container/libraries/net/kyori/adventure-key/4.14.0/adventure-key-4.14.0.jar
[18:59:13] [Server thread/INFO]: [SpigotLibraryLoader] [ModelEngine] Loaded library /home/container/libraries/net/kyori/examination-api/1.3.0/examination-api-1.3.0.jar
[18:59:13] [Server thread/INFO]: [SpigotLibraryLoader] [ModelEngine] Loaded library /home/container/libraries/net/kyori/examination-string/1.3.0/examination-string-1.3.0.jar
[18:59:13] [Server thread/INFO]: [SpigotLibraryLoader] [ModelEngine] Loaded library /home/container/libraries/org/jetbrains/annotations/24.0.1/annotations-24.0.1.jar
[18:59:13] [Server thread/INFO]: [SpigotLibraryLoader] [ModelEngine] Loaded library /home/container/libraries/net/kyori/adventure-text-serializer-gson/4.14.0/adventure-text-serializer-gson-4.14.0.jar
[18:59:13] [Server thread/INFO]: [SpigotLibraryLoader] [ModelEngine] Loaded library /home/container/libraries/net/kyori/adventure-text-serializer-json/4.14.0/adventure-text-serializer-json-4.14.0.jar
[18:59:13] [Server thread/INFO]: [SpigotLibraryLoader] [ModelEngine] Loaded library /home/container/libraries/com/google/code/gson/gson/2.8.0/gson-2.8.0.jar
[18:59:13] [Server thread/INFO]: [SpigotLibraryLoader] [ModelEngine] Loaded library /home/container/libraries/net/kyori/adventure-text-serializer-bungeecord/4.3.0/adventure-text-serializer-bungeecord-4.3.0.jar
[18:59:13] [Server thread/INFO]: [SpigotLibraryLoader] [ModelEngine] Loaded library /home/container/libraries/net/kyori/adventure-text-serializer-legacy/4.13.0/adventure-text-serializer-legacy-4.13.0.jar
[18:59:14] [Server thread/INFO]: [eco] Initializing eco
[18:59:14] [Server thread/INFO]: [EcoEnchants] Initializing EcoEnchants
[18:59:14] [Server thread/WARN]: Legacy plugin Light v1.2 does not specify an api-version.
[18:59:14] [Server thread/WARN]: Legacy plugin Playtimes v1.6.2b does not specify an api-version.
[18:59:14] [Server thread/WARN]: Legacy plugin BlockedCmds v2.1.4 does not specify an api-version.
[18:59:14] [Server thread/WARN]: Legacy plugin DeluxeFireballs v2.2 does not specify an api-version.
[18:59:14] [Server thread/INFO]: [ViaVersion] Loading server plugin ViaVersion v5.8.1
[18:59:14] [Server thread/INFO]: [ViaVersion] ViaVersion 5.8.1 is now loaded. Registering protocol transformers and injecting...
[18:59:15] [Via-Mappingloader-1/INFO]: [ViaVersion] Loading block connection mappings ...
[18:59:15] [Via-Mappingloader-1/INFO]: [ViaVersion] Using FastUtil Long2ObjectOpenHashMap for block connections
[18:59:15] [Server thread/INFO]: [ViaBackwards] Loading translations...
[18:59:15] [Server thread/INFO]: [ViaBackwards] Registering protocols...
[18:59:15] [Server thread/INFO]: [LuckPerms] Loading server plugin LuckPerms v5.5.28
[18:59:15] [Server thread/INFO]: [LuckPerms] Loading configuration...
[18:59:15] [Server thread/INFO]: [Vault] Loading server plugin Vault v1.7.3-b131
[18:59:15] [Server thread/INFO]: [FastAsyncWorldEdit] Loading server plugin FastAsyncWorldEdit v2.15.0+59372c5
[18:59:16] [Server thread/INFO]: Got request to register class com.sk89q.worldedit.bukkit.BukkitServerInterface with WorldEdit [com.sk89q.worldedit.extension.platform.PlatformManager@464a10c2]
[18:59:16] [Server thread/INFO]: [ProtocolLib] Loading server plugin ProtocolLib v5.4.0
[18:59:16] [Server thread/WARN]: [ProtocolLib] Version (MC: 1.21.11) has not yet been tested! Proceed with caution.
[18:59:16] [Server thread/INFO]: [ViaBackwards] Loading server plugin ViaBackwards v5.8.1
[18:59:16] [Server thread/INFO]: [WorldGuard] Loading server plugin WorldGuard v7.0.16+2355-f7fded2
[18:59:16] [Server thread/INFO]: [PlaceholderAPI] Loading server plugin PlaceholderAPI v2.12.2
[18:59:16] [Server thread/INFO]: [packetevents] Loading server plugin packetevents v2.11.2
[18:59:17] [Server thread/INFO]: [Citizens] Loading server plugin Citizens v2.0.41-SNAPSHOT (build 4082)
[18:59:17] [Server thread/INFO]: [NextCash] Loading server plugin NextCash v1.2.14
[18:59:17] [Server thread/INFO]: [nightcore] Loading server plugin nightcore v2.14.0
[18:59:17] [Server thread/INFO]: [PlayerPoints] Loading server plugin PlayerPoints v1.0.0
[18:59:17] [Server thread/INFO]: [LiteBans] Loading server plugin LiteBans v2.18.8
[18:59:17] [Server thread/INFO]: [Multiverse-Core] Loading server plugin Multiverse-Core v4.3.12
[18:59:17] [Server thread/INFO]: [HeadDatabase] Loading server plugin HeadDatabase v4.21.5
[18:59:17] [Server thread/INFO]: [Essentials] Loading server plugin Essentials v2.21.2
[18:59:17] [Server thread/INFO]: [nChat] Loading server plugin nChat v5.6.55
[18:59:17] [Server thread/INFO]: [MythicMobs] Loading server plugin MythicMobs v5.11.2-6a371d59
[18:59:17] [Server thread/INFO]: [LumineUtils] (io.lumine.mythic.bukkit.utils.) is bound to plugin MythicMobs - io.lumine.mythic.bukkit.MythicBukkit
[18:59:17] [Server thread/INFO]: [MythicMobs] §x§f§f§0§0§0§0M§x§f§f§6§6§0§0y§x§f§f§c§c§0§0t§x§c§b§f§f§0§0h§x§6§5§f§f§0§0i§x§0§0§f§f§0§0c§x§0§0§f§f§6§6 §x§0§0§f§f§c§bE§x§0§0§c§b§f§fn§x§0§0§6§5§f§fa§x§0§0§0§0§f§fb§x§6§6§0§0§f§fl§x§c§c§0§0§f§fe§x§f§f§0§0§c§cd§x§f§f§0§0§6§6!
[18:59:17] [Server thread/INFO]: [DecentHolograms] Loading server plugin DecentHolograms v2.9.9
[18:59:17] [Server thread/INFO]: [DiscordSRV] Loading server plugin DiscordSRV v1.30.4
[18:59:17] [Server thread/INFO]: [MythicLib] Loading server plugin MythicLib v1.7.1-SNAPSHOT
[18:59:17] [Server thread/INFO]: [MythicLib] Plugin file is called 'MythicLib-dist-1.7.1-20260223.224523-86.jar'
[18:59:17] [Server thread/INFO]: [MythicLib] Detected Bukkit Version: v1_21_R7
[18:59:17] [Server thread/INFO]: [MythicLib] Hooked onto WorldGuard
[18:59:17] [Server thread/INFO]: [AuraSkills] Loading server plugin AuraSkills v2.3.12
[18:59:17] [Server thread/INFO]: [CoreTools] Loading server plugin CoreTools v1.4.1
[18:59:17] [Server thread/INFO]: [SimpleClans] Loading server plugin SimpleClans v2.19.3-SNAPSHOT-a2e59c9
[18:59:17] [Server thread/INFO]: [ModelEngine] Loading server plugin ModelEngine vR4.1.0
[18:59:17] [Server thread/INFO]: [MMOItems] Loading server plugin MMOItems v6.10.1-SNAPSHOT
[18:59:17] [Server thread/INFO]: [MMOItems] Plugin file is called 'MMOItems-6.10.1-20260216.173633-48.jar'
[18:59:17] [Server thread/INFO]: [MMOItems] Hooked onto WorldEdit
[18:59:17] [Server thread/INFO]: [MMOItems Template Modifiers] Preloading template modifiers, please wait..
[18:59:17] [Server thread/INFO]: [MMOItems Item Templates] Preloading item templates, please wait..
[18:59:18] [Server thread/INFO]: [MMOItems] Hooked onto MythicMobs
[18:59:18] [Server thread/INFO]: [RedProtect] Loading server plugin RedProtect v8.1.3-SNAPSHOT
[18:59:18] [Server thread/INFO]: [ItemsAdder] Loading server plugin ItemsAdder v4.0.16
[18:59:18] [Server thread/INFO]: [ItemsAdder] Loading library FastNbt-jar (remapped)...
[18:59:18] [Server thread/INFO]: [ItemsAdder] Loading library httpmime...
[18:59:18] [Server thread/INFO]: [ItemsAdder] Loading library httpclient
[18:59:18] [Server thread/INFO]: [ItemsAdder] Loading library httpcore
[18:59:18] [Server thread/INFO]: [ItemsAdder] Loading library commons-logging
[18:59:18] [Server thread/INFO]: [ItemsAdder] Loading library commons-codec
[18:59:18] [Server thread/INFO]: [ItemsAdder] Loading library commons-math3...
[18:59:18] [Server thread/INFO]: [ItemsAdder] Loading library speedy-math...
[18:59:18] [Server thread/INFO]: [ItemsAdder] Loading library jansi...
[18:59:18] [Server thread/INFO]: [ItemsAdder] Loading library fastjson...
[18:59:18] [Server thread/INFO]: [ItemsAdder] Loading library fastjson2-extension
[18:59:18] [Server thread/INFO]: [ItemsAdder] Loading library fastjson2
[18:59:18] [Server thread/INFO]: [ItemsAdder] Loading library json-path...
[18:59:18] [Server thread/INFO]: [ItemsAdder] Loading library json-smart
[18:59:18] [Server thread/INFO]: [ItemsAdder] Loading library accessors-smart
[18:59:18] [Server thread/INFO]: [ItemsAdder] Loading library asm
[18:59:18] [Server thread/INFO]: [ItemsAdder] Loading library slf4j-api
[18:59:18] [Server thread/INFO]: [ItemsAdder] Loading library armor-equip-event...
[18:59:18] [Server thread/INFO]: [ItemsAdder] Loading library glowingentities...
[18:59:18] [Server thread/INFO]: [ItemsAdder] Loading library reflection-remapper
[18:59:18] [Server thread/INFO]: [ItemsAdder] Loading library adventure-api...
[18:59:18] [Server thread/INFO]: [ItemsAdder] Loading library adventure-key
[18:59:18] [Server thread/INFO]: [ItemsAdder] Loading library examination-api
[18:59:18] [Server thread/INFO]: [ItemsAdder] Loading library examination-string
[18:59:18] [Server thread/INFO]: [ItemsAdder] Loading library annotations
[18:59:18] [Server thread/INFO]: [ItemsAdder] Loading library adventure-text-minimessage...
[18:59:18] [Server thread/INFO]: [ItemsAdder] Loading library adventure-api
[18:59:18] [Server thread/INFO]: [ItemsAdder] Loading library adventure-key
[18:59:18] [Server thread/INFO]: [ItemsAdder] Loading library examination-api
[18:59:18] [Server thread/INFO]: [ItemsAdder] Loading library examination-string
[18:59:18] [Server thread/INFO]: [ItemsAdder] Loading library annotations
[18:59:18] [Server thread/INFO]: [ItemsAdder] Loading library adventure-text-serializer-gson...
[18:59:18] [Server thread/INFO]: [ItemsAdder] Loading library adventure-text-serializer-json
[18:59:18] [Server thread/INFO]: [ItemsAdder] Loading library adventure-api
[18:59:18] [Server thread/INFO]: [ItemsAdder] Loading library adventure-key
[18:59:18] [Server thread/INFO]: [ItemsAdder] Loading library examination-api
[18:59:18] [Server thread/INFO]: [ItemsAdder] Loading library examination-string
[18:59:18] [Server thread/INFO]: [ItemsAdder] Loading library option
[18:59:18] [Server thread/INFO]: [ItemsAdder] Loading library jspecify
[18:59:18] [Server thread/INFO]: [ItemsAdder] Loading library gson
[18:59:18] [Server thread/INFO]: [ItemsAdder] Loading library auto-service-annotations
[18:59:18] [Server thread/INFO]: [ItemsAdder] Loading library adventure-text-serializer-commons
[18:59:18] [Server thread/INFO]: [ItemsAdder] Loading library annotations
[18:59:18] [Server thread/INFO]: [ItemsAdder] Loading library adventure-text-serializer-gson-legacy-impl...
[18:59:18] [Server thread/INFO]: [ItemsAdder] Loading library adventure-text-serializer-gson
[18:59:18] [Server thread/INFO]: [ItemsAdder] Loading library adventure-text-serializer-json
[18:59:18] [Server thread/INFO]: [ItemsAdder] Loading library option
[18:59:18] [Server thread/INFO]: [ItemsAdder] Loading library jspecify
[18:59:18] [Server thread/INFO]: [ItemsAdder] Loading library gson
[18:59:18] [Server thread/INFO]: [ItemsAdder] Loading library auto-service-annotations
[18:59:18] [Server thread/INFO]: [ItemsAdder] Loading library adventure-text-serializer-commons
[18:59:18] [Server thread/INFO]: [ItemsAdder] Loading library annotations
[18:59:18] [Server thread/INFO]: [ItemsAdder] Loading library adventure-text-serializer-json-legacy-impl
[18:59:18] [Server thread/INFO]: [ItemsAdder] Loading library adventure-api
[18:59:18] [Server thread/INFO]: [ItemsAdder] Loading library adventure-key
[18:59:18] [Server thread/INFO]: [ItemsAdder] Loading library examination-api
[18:59:18] [Server thread/INFO]: [ItemsAdder] Loading library examination-string
[18:59:18] [Server thread/INFO]: [ItemsAdder] Loading library adventure-nbt
[18:59:18] [Server thread/INFO]: [ItemsAdder] Loading library adventure-platform-bukkit...
[18:59:18] [Server thread/INFO]: [ItemsAdder] Loading library adventure-platform-api
[18:59:18] [Server thread/INFO]: [ItemsAdder] Loading library adventure-api
[18:59:18] [Server thread/INFO]: [ItemsAdder] Loading library adventure-key
[18:59:18] [Server thread/INFO]: [ItemsAdder] Loading library adventure-text-serializer-bungeecord
[18:59:18] [Server thread/INFO]: [ItemsAdder] Loading library adventure-text-serializer-legacy
[18:59:18] [Server thread/INFO]: [ItemsAdder] Loading library adventure-nbt
[18:59:18] [Server thread/INFO]: [ItemsAdder] Loading library examination-api
[18:59:18] [Server thread/INFO]: [ItemsAdder] Loading library examination-string
[18:59:18] [Server thread/INFO]: [ItemsAdder] Loading library annotations
[18:59:18] [Server thread/INFO]: [ItemsAdder] Loading library adventure-text-serializer-gson
[18:59:18] [Server thread/INFO]: [ItemsAdder] Loading library adventure-text-serializer-json
[18:59:18] [Server thread/INFO]: [ItemsAdder] Loading library option
[18:59:18] [Server thread/INFO]: [ItemsAdder] Loading library jspecify
[18:59:18] [Server thread/INFO]: [ItemsAdder] Loading library auto-service-annotations
[18:59:18] [Server thread/INFO]: [ItemsAdder] Loading library adventure-text-serializer-commons
[18:59:18] [Server thread/INFO]: [ItemsAdder] Loading library adventure-text-serializer-gson-legacy-impl
[18:59:18] [Server thread/INFO]: [ItemsAdder] Loading library adventure-text-serializer-json-legacy-impl
[18:59:18] [Server thread/INFO]: [ItemsAdder] Loading library adventure-platform-facet
[18:59:18] [Server thread/INFO]: [ItemsAdder] Loading library adventure-platform-viaversion
[18:59:18] [Server thread/INFO]: [ChestShop] Loading server plugin ChestShop v3.12.3-SNAPSHOT (build 423)
[18:59:18] [Server thread/INFO]: [ChestShop] WorldGuard version 7.0.16+2355-f7fded2 loaded.
[18:59:18] [Server thread/INFO]: [ChestShop] RedProtect version 8.1.3-SNAPSHOT loaded.
[18:59:18] [Server thread/INFO]: [eco] Loading server plugin eco v7.2.0
[18:59:18] [Server thread/INFO]: [BreweryX] Loading server plugin BreweryX v3.6.5;HEAD
[18:59:18] [Server thread/INFO]: [floodgate] Loading server plugin floodgate v2.2.5-SNAPSHOT (b126-096c605)
[18:59:18] [Server thread/INFO]: [floodgate] Took 289ms to boot Floodgate
[18:59:18] [Server thread/INFO]: [PyroLib] Loading server plugin PyroLib v1.4.8
[18:59:18] [Server thread/INFO]: [Votifier] Loading server plugin Votifier v2.7.3
[18:59:18] [Server thread/INFO]: [EcoEnchants] Loading server plugin EcoEnchants v13.1.0
[18:59:18] [Server thread/INFO]: [libreforge] Initializing libreforge
[18:59:18] [Server thread/INFO]: [libreforge] Loading server plugin libreforge v5.0.1
[18:59:18] [Server thread/INFO]: [ShopGUIPlus] Loading server plugin ShopGUIPlus v1.112.0
[18:59:18] [Server thread/INFO]: [SMlib] Loading server plugin SMlib v2.0
[18:59:18] [Server thread/INFO]: [SkinsRestorer] Loading server plugin SkinsRestorer v15.12.0
[18:59:18] [Server thread/INFO]: [TAB] Loading server plugin TAB v5.5.0
[18:59:18] [Server thread/INFO]: [GSit] Loading server plugin GSit v3.3.1
[18:59:19] [Server thread/INFO]: [voicechat] Loading server plugin voicechat v2.6.14
[18:59:19] [Server thread/INFO]: [NBTAPI] Loading server plugin NBTAPI v2.15.5
[18:59:19] [Server thread/INFO]: [NBTAPI] [NBTAPI] Found Minecraft: 1.21.11! Trying to find NMS support
[18:59:19] [Server thread/INFO]: [NBTAPI] [NBTAPI] NMS support 'MC1_21_R7' loaded!
[18:59:19] [Server thread/INFO]: [NBTAPI] [NBTAPI] Using the plugin 'NBTAPI' to create a bStats instance!
[18:59:19] [Server thread/INFO]: [PyroFishingPro] Loading server plugin PyroFishingPro v4.9.27
[18:59:19] [Server thread/INFO]: [PinataParty] Loading server plugin PinataParty v2.69.3
[18:59:19] [Server thread/INFO]: [PlugManX] Loading server plugin PlugManX v2.4.1
[18:59:19] [Server thread/INFO]: [CMILib] Loading server plugin CMILib v1.5.8.5
[18:59:19] [Server thread/INFO]: [Light] Loading server plugin Light v1.2
[18:59:19] [Server thread/INFO]: [ClearLag] Loading server plugin ClearLag v3.2.2
[18:59:19] [Server thread/INFO]: [ExtractableEnchantments] Loading server plugin ExtractableEnchantments v12.5
[18:59:19] [Server thread/INFO]: [BungeeGuard] Loading server plugin BungeeGuard v1.3-SNAPSHOT
[18:59:19] [Server thread/INFO]: [craftableNameTags] Loading server plugin craftableNameTags v1.2.4
[18:59:19] [Server thread/INFO]: [CommandPanels] Loading server plugin CommandPanels v3.23.4
[18:59:19] [Server thread/INFO]: [NoBreakCrops] Loading server plugin NoBreakCrops v1.0.0
[18:59:19] [Server thread/INFO]: [SpawnerMeta] Loading server plugin SpawnerMeta v25.5
[18:59:19] [Server thread/INFO]: [EssentialsSpawn] Loading server plugin EssentialsSpawn v2.21.2
[18:59:19] [Server thread/INFO]: [BroadcastX] Loading server plugin BroadcastX v1.5-BETA
[18:59:19] [Server thread/INFO]: [SafariNet] Loading server plugin SafariNet v1.16.33-SNAPSHOT
[18:59:19] [Server thread/INFO]: [Playtimes] Loading server plugin Playtimes v1.6.2b
[18:59:19] [Server thread/INFO]: [PhantomSpawnControl] Loading server plugin PhantomSpawnControl v2.1.1
[18:59:19] [Server thread/INFO]: [CentralCart] Loading server plugin CentralCart v1.0.1-e4g7l
[18:59:19] [Server thread/INFO]: [XLTournaments] Loading server plugin XLTournaments v3.17.13
[18:59:19] [Server thread/INFO]: [Marriage] Loading server plugin Marriage v2.3.1
[18:59:19] [Server thread/INFO]: [Marriage] Completed plugin pre-load stage.
[18:59:19] [Server thread/INFO]: [RedstoneLimiter] Loading server plugin RedstoneLimiter v1.0.3
[18:59:19] [Server thread/INFO]: [SM] Loading server plugin StreamingModule v5.4.0
[18:59:19] [Server thread/INFO]: [Duels] Loading server plugin Duels v3.5.6
[18:59:19] [Server thread/INFO]: [CrazyVouchers] Loading server plugin CrazyVouchers v5.1.5
[18:59:19] [Server thread/INFO]: [PetNameFix] Loading server plugin PetNameFix v1.0.3
[18:59:19] [Server thread/INFO]: [MyCommand] Loading server plugin MyCommand v5.7.5
[18:59:19] [Server thread/INFO]: [AntiWorldFly] Loading server plugin AntiWorldFly v2.5.4
[18:59:19] [Server thread/INFO]: [AntiWorldFly] Backing up and loading configuration files...
[18:59:19] [Server thread/INFO]: [AntiWorldFly] WorldGuard detected! Attempting to register region flags.
[18:59:19] [Server thread/INFO]: [AntiWorldFly] Flag "flight-enabled" successfully registered!
[18:59:19] [Server thread/INFO]: [AntiWorldFly] Flag "elytra-enabled" successfully registered!
[18:59:19] [Server thread/INFO]: [NameTags] Loading server plugin NameTags v1.5.9-commit-2cc1f69
[18:59:19] [Server thread/INFO]: [sleep-most] Loading server plugin sleep-most v5.7.0
[18:59:19] [Server thread/INFO]: [MCPets] Loading server plugin MCPets v4.1.5-SNAPSHOT
[18:59:19] [Server thread/INFO]: [PlaceholderAPI] Successfully registered internal expansion: mcpets [1.0.0]
[18:59:19] [Thread-8/INFO]: [NBTAPI] [NBTAPI] The NBT-API seems to be up-to-date!
[18:59:19] [Server thread/INFO]: [MCPets] : mcpets-dismount flag registered successfully !
[18:59:19] [Server thread/INFO]: [MCPets] : mcpets-despawn flag registered successfully !
[18:59:19] [Server thread/INFO]: [MCPets] : mcpets-dismount-flying flag registered successfully !
[18:59:19] [Server thread/INFO]: [MCPets] : mcpets-pet-player-damage flag registered successfully !
[18:59:19] [Server thread/INFO]: [BlockedCmds] Loading server plugin BlockedCmds v2.1.4
[18:59:19] [Server thread/INFO]: [AfkPool] Loading server plugin AfkPool v2.1.0
[18:59:19] [Server thread/INFO]: [ExcellentCrates] Loading server plugin ExcellentCrates v6.6.1
[18:59:19] [Server thread/INFO]: [Coins] Loading server plugin Coins v1.13.1
[18:59:19] [Server thread/INFO]: [DropXP] Loading server plugin DropXP v1.3.1
[18:59:19] [Server thread/INFO]: [WorldGuardExtraFlags] Loading server plugin WorldGuardExtraFlags v4.2.4-SNAPSHOT
[18:59:19] [Server thread/INFO]: [AbsolutEvents] Loading server plugin AbsolutEvents v1.0.0
[18:59:19] [Server thread/INFO]: [ChatGames-Premium] Loading server plugin ChatGames-Premium v1.9.9
[18:59:19] [Server thread/INFO]: [EZColors] Loading server plugin EZColors v2.2.6
[18:59:19] [Server thread/INFO]: [Hyperstones] Loading server plugin Hyperstones v1.7.6.2
[18:59:19] [Server thread/INFO]: [VoiceChatPlaceholders] Loading server plugin VoiceChatPlaceholders v1.1
[18:59:19] [Server thread/INFO]: [PixelVip] Loading server plugin PixelVip v3.1.0
[18:59:19] [Server thread/INFO]: [AlonsoTags] Loading server plugin AlonsoTags v2.3-BETA
[18:59:19] [Server thread/INFO]: [Rankup] Loading server plugin Rankup v3.14.4
[18:59:19] [Server thread/INFO]: [prism] Loading server plugin prism v4.1
[18:59:19] [Server thread/INFO]: [Elevators] Loading server plugin Elevators v5.0.0-beta.19
[18:59:19] [Server thread/INFO]: [Elevators] Early Hooks built. §eTook 5ms
[18:59:19] [Server thread/INFO]: [Elevators] 	Hooked into WorldGuard. §eTook 3ms
[18:59:19] [Server thread/INFO]: [DeluxeMenus] Loading server plugin DeluxeMenus v1.14.1-Release
[18:59:19] [Server thread/WARN]: [DeluxeMenus] Could not setup a NMS hook for your server version! The following Item options will not work: nbt_int, nbt_ints, nbt_string and nbt_strings.
[18:59:19] [Server thread/INFO]: [ajLeaderboards] Loading server plugin ajLeaderboards v2.10.1
[18:59:19] [Server thread/INFO]: [ajLeaderboards] Verifying checksum for gson
[18:59:19] [Server thread/INFO]: [ajLeaderboards] Checksum matched for gson
[18:59:19] [Server thread/INFO]: [ajLeaderboards] Verifying checksum for jar-relocator
[18:59:19] [Server thread/INFO]: [ajLeaderboards] Checksum matched for jar-relocator
[18:59:19] [Server thread/INFO]: [ajLeaderboards] Verifying checksum for asm
[18:59:19] [Server thread/INFO]: [ajLeaderboards] Checksum matched for asm
[18:59:19] [Server thread/INFO]: [ajLeaderboards] Verifying checksum for asm-commons
[18:59:19] [Server thread/INFO]: [ajLeaderboards] Checksum matched for asm-commons
[18:59:19] [Server thread/INFO]: [ajLeaderboards] Verifying checksum for gson
[18:59:19] [Server thread/INFO]: [ajLeaderboards] Checksum matched for gson
[18:59:19] [Server thread/INFO]: [ajLeaderboards] Verifying checksum for HikariCP
[18:59:19] [Server thread/INFO]: [ajLeaderboards] Checksum matched for HikariCP
[18:59:19] [Server thread/INFO]: [ajLeaderboards] Verifying checksum for slf4j-api
[18:59:19] [Server thread/INFO]: [ajLeaderboards] Checksum matched for slf4j-api
[18:59:19] [Server thread/INFO]: [ajLeaderboards] Verifying checksum for h2
[18:59:19] [Server thread/INFO]: [ajLeaderboards] Checksum matched for h2
[18:59:19] [Server thread/INFO]: [ajLeaderboards] Verifying checksum for okhttp
[18:59:19] [Server thread/INFO]: [ajLeaderboards] Checksum matched for okhttp
[18:59:19] [Server thread/INFO]: [ajLeaderboards] Verifying checksum for okio
[18:59:19] [Server thread/INFO]: [ajLeaderboards] Checksum matched for okio
[18:59:19] [Server thread/INFO]: [ajLeaderboards] Verifying checksum for okio-jvm
[18:59:19] [Server thread/INFO]: [ajLeaderboards] Checksum matched for okio-jvm
[18:59:19] [Server thread/INFO]: [ajLeaderboards] Verifying checksum for kotlin-stdlib-jdk8
[18:59:19] [Server thread/INFO]: [ajLeaderboards] Checksum matched for kotlin-stdlib-jdk8
[18:59:19] [Server thread/INFO]: [ajLeaderboards] Verifying checksum for kotlin-stdlib
[18:59:19] [Server thread/INFO]: [ajLeaderboards] Checksum matched for kotlin-stdlib
[18:59:19] [Server thread/INFO]: [ajLeaderboards] Verifying checksum for kotlin-stdlib-common
[18:59:19] [Server thread/INFO]: [ajLeaderboards] Checksum matched for kotlin-stdlib-common
[18:59:19] [Server thread/INFO]: [ajLeaderboards] Verifying checksum for annotations
[18:59:19] [Server thread/INFO]: [ajLeaderboards] Checksum matched for annotations
[18:59:19] [Server thread/INFO]: [ajLeaderboards] Verifying checksum for kotlin-stdlib-jdk7
[18:59:19] [Server thread/INFO]: [ajLeaderboards] Checksum matched for kotlin-stdlib-jdk7
[18:59:19] [Server thread/INFO]: [PergaminhosMC] Loading server plugin PergaminhosMC v1.1.0
[18:59:19] [Server thread/INFO]: [UltimateAutoRestart] Loading server plugin UltimateAutoRestart v2025.12
[18:59:19] [Server thread/INFO]: [AxSellwands] Loading server plugin AxSellwands v1.13.0
[18:59:19] [Server thread/INFO]: [AxTrade] Loading server plugin AxTrade v1.23.0
[18:59:19] [Server thread/INFO]: [Quests] Loading server plugin Quests v3.16.1-430c34a
[18:59:19] [Server thread/INFO]: [AnvilUnlocker] Loading server plugin AnvilUnlocker v1.1.2
[18:59:19] [Server thread/INFO]: [LeaguesVP] Loading server plugin LeaguesVP v1.2.4
[18:59:19] [Server thread/INFO]: [DeluxeFireballs] Loading server plugin DeluxeFireballs v2.2
[18:59:19] [Server thread/INFO]: [HolidayHunt] Loading server plugin HolidayHunt v2.6.2
[18:59:19] [Server thread/INFO]: [PlayerWarps] Loading server plugin PlayerWarps v7.10.0
[18:59:19] [Server thread/INFO]: [ItsMyConfig] Loading server plugin ItsMyConfig v4.3.0
[18:59:19] [Server thread/INFO]: [ItsMyConfig] Library adventure-platform-bukkit is not needed.
[18:59:19] [Server thread/INFO]: [ItsMyConfig] Loading library adventure-text-serializer-gson...
[18:59:19] [Server thread/INFO]: [ItsMyConfig] Loading library adventure-text-serializer-gson
[18:59:19] [Server thread/INFO]: [ItsMyConfig] Loading library adventure-text-serializer-json
[18:59:19] [Server thread/INFO]: [ItsMyConfig] Loading library adventure-api
[18:59:19] [Server thread/INFO]: [ItsMyConfig] Loading library adventure-key
[18:59:19] [Server thread/INFO]: [ItsMyConfig] Loading library examination-api
[18:59:19] [Server thread/INFO]: [ItsMyConfig] Loading library examination-string
[18:59:19] [Server thread/INFO]: [ItsMyConfig] Loading library option
[18:59:19] [Server thread/INFO]: [ItsMyConfig] Loading library jspecify
[18:59:19] [Server thread/INFO]: [ItsMyConfig] Loading library gson
[18:59:19] [Server thread/INFO]: [ItsMyConfig] Loading library auto-service-annotations
[18:59:19] [Server thread/INFO]: [ItsMyConfig] Loading library adventure-text-serializer-commons
[18:59:19] [Server thread/INFO]: [ItsMyConfig] Loading library annotations
[18:59:19] [Server thread/INFO]: [CLV] Loading server plugin CyberLevels v0.5.9
[18:59:19] [Server thread/INFO]: [MobFarmManager] Loading server plugin MobFarmManager v3.0.0.0
[18:59:19] [Server thread/INFO]: [InfinityTower] Loading server plugin InfinityTower v1.0
[18:59:19] [Server thread/INFO]: [PlayerAuctions] Loading server plugin PlayerAuctions v1.33.0
[18:59:19] [Server thread/INFO]: [Jobs] Loading server plugin Jobs v5.2.6.5
[18:59:19] [Server thread/INFO]: [BetterRTP] Loading server plugin BetterRTP v3.6.13
[18:59:19] [Server thread/INFO]: [Codex] Loading server plugin Codex v2.10.1
[18:59:19] [Server thread/INFO]: [AuraMobs] Loading server plugin AuraMobs v2.2.1
[18:59:19] [Server thread/INFO]: Server permissions file permissions.yml is empty, ignoring it
[18:59:19] [Server thread/INFO]: [LuckPerms] Enabling LuckPerms v5.5.28
[18:59:20] [Server thread/INFO]:         __    
[18:59:20] [Server thread/INFO]:   |    |__)   LuckPerms v5.5.28
[18:59:20] [Server thread/INFO]:   |___ |      Running on Bukkit - Paper
[18:59:20] [Server thread/INFO]: 
[18:59:20] [Server thread/INFO]: [LuckPerms] Loading storage provider... [H2]
[18:59:21] [Server thread/INFO]: [LuckPerms] Loading internal permission managers...
[18:59:21] [Server thread/INFO]: [LuckPerms] Performing initial data load...
[18:59:21] [Server thread/INFO]: [LuckPerms] Successfully enabled. (took 1588ms)
[18:59:21] [Server thread/INFO]: [Vault] Enabling Vault v1.7.3-b131
[18:59:21] [Server thread/INFO]: [Vault] [Economy] Essentials Economy found: Waiting
[18:59:21] [Server thread/INFO]: [Vault] [Permission] SuperPermissions loaded as backup permission system.
[18:59:21] [Server thread/INFO]: [Vault] Enabled Version 1.7.3-b131
[18:59:21] [Server thread/INFO]: [LuckPerms] Registered Vault permission & chat hook.
[18:59:21] [Server thread/INFO]: [FastAsyncWorldEdit] Enabling FastAsyncWorldEdit v2.15.0+59372c5
[18:59:21] [Server thread/WARN]: [com.fastasyncworldedit.core.Fawe] !!!!!!!!!!!!!!!!!!!!!!!!!!!!!!!!!!!!!!!!!!!!!!!!!!!!!!!!!!!!!!!!!!!!!!
[18:59:21] [Server thread/WARN]: [com.fastasyncworldedit.core.Fawe] !!!                                                                !!!
[18:59:21] [Server thread/WARN]: [com.fastasyncworldedit.core.Fawe] !!!    Using history database whilst deleting disk history!        !!!
[18:59:21] [Server thread/WARN]: [com.fastasyncworldedit.core.Fawe] !!!    You will not be able to rollback edits after a user logs    !!!
[18:59:21] [Server thread/WARN]: [com.fastasyncworldedit.core.Fawe] !!!    out, recommended to disable delete-disk-on-logout if you    !!!
[18:59:21] [Server thread/WARN]: [com.fastasyncworldedit.core.Fawe] !!!    you want to have full history rollback functionality.       !!!
[18:59:21] [Server thread/WARN]: [com.fastasyncworldedit.core.Fawe] !!!    Disable use-database if you do not need to have rollback    !!!
[18:59:21] [Server thread/WARN]: [com.fastasyncworldedit.core.Fawe] !!!    functionality and wish to disable this warning.             !!!
[18:59:21] [Server thread/WARN]: [com.fastasyncworldedit.core.Fawe] !!!                                                                !!!
[18:59:21] [Server thread/WARN]: [com.fastasyncworldedit.core.Fawe] !!!!!!!!!!!!!!!!!!!!!!!!!!!!!!!!!!!!!!!!!!!!!!!!!!!!!!!!!!!!!!!!!!!!!!
[18:59:21] [Server thread/INFO]: [com.fastasyncworldedit.core.Fawe] LZ4 Compression Binding loaded successfully
[18:59:21] [Server thread/INFO]: [com.fastasyncworldedit.core.Fawe] ZSTD Compression Binding loaded successfully
[18:59:21] [Server thread/INFO]: Registering commands with com.sk89q.worldedit.bukkit.BukkitServerInterface
[18:59:21] [Server thread/INFO]: WEPIF: Vault detected! Using Vault for permissions
[18:59:21] [Server thread/INFO]: Using com.sk89q.worldedit.bukkit.adapter.impl.fawe.v1_21_11.PaperweightFaweAdapter as the Bukkit adapter
[18:59:22] [Server thread/INFO]: [ProtocolLib] Enabling ProtocolLib v5.4.0
[18:59:22] [Server thread/INFO]: [nightcore] Enabling nightcore v2.14.0
[18:59:22] [Server thread/INFO]: [nightcore] Server version detected as 1.21.11. Using paper-bridge.
[18:59:22] [Server thread/INFO]: [nightcore] Vault detected! Loading currency...
[18:59:22] [Server thread/INFO]: [nightcore] Currency registered: 'vault'.
[18:59:22] [Server thread/INFO]: [nightcore] Currency registered: 'xp_level'.
[18:59:22] [Server thread/INFO]: [nightcore] Currency registered: 'gold'.
[18:59:22] [Server thread/INFO]: [nightcore] Currency registered: 'emerald'.
[18:59:22] [Server thread/INFO]: [nightcore] Currency registered: 'custom_diamond'.
[18:59:22] [Server thread/INFO]: Environment: Environment[sessionHost=https://sessionserver.mojang.com, servicesHost=https://api.minecraftservices.com, profilesHost=https://api.mojang.com, name=PROD]
[18:59:22] [Server thread/INFO]: [nightcore] Time zone set as America/Sao_Paulo
[18:59:22] [Server thread/INFO]: [nightcore] Loaded 2 color schemes.
[18:59:22] [Server thread/INFO]: [nightcore] Using 'custom' color scheme.
[18:59:22] [Server thread/INFO]: [nightcore] Registered permissions provider: LuckPerms
[18:59:22] [Server thread/INFO]: [nightcore] Registered item provider: 'vanilla'.
[18:59:22] [Server thread/INFO]: [nightcore] Registered item provider: 'excellentcrates'.
[18:59:22] [Server thread/INFO]: [nightcore] Registered item provider: 'excellentcrates_crate'.
[18:59:22] [Server thread/INFO]: [nightcore] Registered item provider: 'excellentcrates_key'.
[18:59:22] [Server thread/INFO]: [nightcore] Registered item provider: 'itemsadder'.
[18:59:22] [Server thread/INFO]: [nightcore] Registered item provider: 'mmoitems'.
[18:59:22] [Server thread/INFO]: [nightcore] Plugin loaded in 141 ms!
[18:59:22] [Server thread/INFO]: [nChat] Enabling nChat v5.6.55
[18:59:22] [Server thread/INFO]: [nChat] Successful plugin core start (took 0.65s)
[18:59:23] [Server thread/INFO]:           ___ _           _   
[18:59:23] [Server thread/INFO]:   _ __   / __\ |__   __ _| |_ 
[18:59:23] [Server thread/INFO]:  | '_ \ / /  | '_ \ / _` | __|
[18:59:23] [Server thread/INFO]:  | | | / /___| | | | (_| | |_ 
[18:59:23] [Server thread/INFO]:  |_| |_\____/|_| |_|\__,_|\__|
[18:59:23] [Server thread/INFO]:                              
[18:59:23] [Server thread/INFO]:  By: www.nickuc.com - V 5.6.55 DEVELOPMENT
[18:59:23] [Server thread/INFO]: 
[18:59:23] [Server thread/INFO]: [PlaceholderAPI] Successfully registered internal expansion: nchat [5.6.55]
[18:59:23] [Server thread/INFO]: [nChat] Chat will be encoded with "adventure" component library
[18:59:23] [Server thread/INFO]: [ModelEngine] Enabling ModelEngine vR4.1.0
[18:59:23] [Server thread/INFO]: [ModelEngine] [S] Loading cache version: R4.0.8
[18:59:23] [Server thread/WARN]: [ModelEngine] [S] Unable to activate MineSkin skin generation: Empty API Key
[18:59:23] [Server thread/INFO]: [ModelEngine] [S] Loading default skin: Steve
[18:59:23] [Server thread/INFO]: [ModelEngine] [S] Registered default skin: Steve
[18:59:23] [Server thread/INFO]: [ModelEngine] [S] Loading default skin: Alex
[18:59:23] [ForkJoinPool.commonPool-worker-1/INFO]: [ModelEngine] [A] Registered default skin: Alex
[18:59:23] [Server thread/INFO]: [eco] Enabling eco v7.2.0
[18:59:23] [Server thread/INFO]: [eco] Loading eco
[18:59:23] [Server thread/INFO]: [PlaceholderAPI] Successfully registered internal expansion: eco [7.2.0]
[18:59:23] [Server thread/INFO]: [eco] Loaded integrations: ShopGUIPlus, HeadDatabase, MythicMobs, DecentHolograms, ModelEngine, Essentials, Vault, PlayerPoints, PlaceholderAPI, WorldGuard, ItemsAdder
[18:59:23] [Server thread/INFO]: [eco] Scanning for conflicts...
[18:59:23] [Server thread/INFO]: [eco] No conflicts found!
[18:59:23] [Server thread/INFO]: [EcoEnchants] Enabling EcoEnchants v13.1.0
[18:59:23] [Server thread/INFO]: [EcoEnchants] Loading EcoEnchants
[18:59:23] [Server thread/INFO]: [PlaceholderAPI] Successfully registered internal expansion: ecoenchants [13.1.0]
[18:59:23] [Server thread/INFO]: [EcoEnchants] Loaded integrations: Essentials
[18:59:23] [Server thread/INFO]: [SkinsRestorer] Enabling SkinsRestorer v15.12.0
[18:59:23] [Server thread/INFO]: [SkinsRestorer] -------------------------/Warning\-------------------------
[18:59:23] [Server thread/INFO]: [SkinsRestorer] This plugin is running in PROXY mode!
[18:59:23] [Server thread/INFO]: [SkinsRestorer] You have to put the same config.yml on all servers and on the proxy.
[18:59:23] [Server thread/INFO]: [SkinsRestorer] (<proxy>/plugins/SkinsRestorer/)
[18:59:23] [Server thread/INFO]: [SkinsRestorer] -------------------------\Warning/-------------------------
[18:59:23] [Server thread/INFO]: [SkinsRestorer] Running on Minecraft 1.21.11.
[18:59:24] [Server thread/INFO]: [SkinsRestorer] Connected to MySQL!
[18:59:24] [Server thread/INFO]: [SkinsRestorer] Floodgate skin listener registered
[18:59:24] [Server thread/INFO]: [PlaceholderAPI] Successfully registered internal expansion: skinsrestorer [15.12.0]
[18:59:24] [Server thread/INFO]: [SkinsRestorer] PlaceholderAPI expansion registered!
[18:59:24] [Server thread/INFO]: [PlugManX] Enabling PlugManX v2.4.1
[18:59:24] [Server thread/WARN]: [PlugManX] ~~~~~~~~~~~~~~~~~~~~~~~~~~~~~~~~~~~~~~~~~~~~~~~~~~~~~~~~~~~~~~~~~~~~~~
[18:59:24] [Server thread/WARN]: [PlugManX] It seems like you're running on paper.
[18:59:24] [Server thread/WARN]: [PlugManX] PlugManX cannot interact with paper-plugins, yet.
[18:59:24] [Server thread/WARN]: [PlugManX] Also, if you encounter any issues, please join my discord: https://discord.gg/GxEFhVY6ff
[18:59:24] [Server thread/WARN]: [PlugManX] Or create an issue on GitHub: https://github.com/TheBlackEntity/PlugMan
[18:59:24] [Server thread/WARN]: [PlugManX] ~~~~~~~~~~~~~~~~~~~~~~~~~~~~~~~~~~~~~~~~~~~~~~~~~~~~~~~~~~~~~~~~~~~~~~
[18:59:24] [Folia Async Scheduler Thread #3/INFO]: [SkinsRestorer] ----------------------------------------------
[18:59:24] [Folia Async Scheduler Thread #3/INFO]: [SkinsRestorer]     +==================+
[18:59:24] [Folia Async Scheduler Thread #3/INFO]: [SkinsRestorer]     |   SkinsRestorer  |
[18:59:24] [Folia Async Scheduler Thread #3/INFO]: [SkinsRestorer]     |------------------|
[18:59:24] [Folia Async Scheduler Thread #3/INFO]: [SkinsRestorer]     |    Proxy Mode    |
[18:59:24] [Folia Async Scheduler Thread #3/INFO]: [SkinsRestorer]     +==================+
[18:59:24] [Folia Async Scheduler Thread #3/INFO]: [SkinsRestorer] ----------------------------------------------
[18:59:24] [Folia Async Scheduler Thread #3/INFO]: [SkinsRestorer]     Version: 15.12.0
[18:59:24] [Folia Async Scheduler Thread #3/INFO]: [SkinsRestorer]     Commit: 2903414
[18:59:24] [Folia Async Scheduler Thread #3/INFO]: [SkinsRestorer]     This is the latest version!
[18:59:24] [Folia Async Scheduler Thread #3/INFO]: [SkinsRestorer] ----------------------------------------------
[18:59:24] [Folia Async Scheduler Thread #3/INFO]: [SkinsRestorer] Do you have issues? Read our troubleshooting guide: https://skinsrestorer.net/docs/troubleshooting
[18:59:24] [Folia Async Scheduler Thread #3/INFO]: [SkinsRestorer] Want to support SkinsRestorer or receive priority support? Become a supporter: https://skinsrestorer.net/pricing
[18:59:24] [Server thread/INFO]: [BungeeGuard] Enabling BungeeGuard v1.3-SNAPSHOT
[18:59:24] [Server thread/INFO]: [BungeeGuard] Using Paper's PlayerHandshakeEvent to listen for connections.
[18:59:24] [Server thread/INFO]: [NoBreakCrops] Enabling NoBreakCrops v1.0.0
[18:59:24] [Server thread/INFO]: [prism] Enabling prism v4.1
[18:59:24] [Server thread/INFO]: [prism] Serializer version: 4,671
[18:59:24] [Server thread/INFO]: [prism] Server version: 1.21.11
[18:59:25] [Server thread/INFO]: [prism] Catalog ; Schema ; Prefix prism_
[18:59:26] [Server thread/INFO]: [prism] Database driver: class org.sqlite.JDBC
[18:59:26] [Server thread/INFO]: [prism] Database driver: class net.skinsrestorer.shadow.mariadb.Driver
[18:59:26] [Server thread/INFO]: [prism] Database driver: class com.mysql.cj.jdbc.Driver
[18:59:26] [Server thread/INFO]: [prism] Connecting to jdbc:sqlite:file:/home/container/plugins/prism/prism.db
[18:59:26] [Server thread/INFO]: [org.prism_mc.prism.libs.hikari.HikariDataSource] prism - Starting...
[18:59:26] [Server thread/INFO]: [org.prism_mc.prism.libs.hikari.pool.HikariPool] prism - Added connection org.sqlite.jdbc4.JDBC4Connection@5bab4ba3
[18:59:26] [Server thread/INFO]: [org.prism_mc.prism.libs.hikari.HikariDataSource] prism - Start completed.
[18:59:27] [Server thread/INFO]: [org.prism_mc.prism.libs.jooq.impl.DefaultExecuteContext.logVersionSupport] Version                  : Database version is supported by dialect SQLITE: 3.49.1
[18:59:27] [Server thread/INFO]: [prism] Prism schema version: 400
[18:59:28] [Server thread/INFO]: [prism] Initializing prism 4.1 by viveleroi
[18:59:28] [Server thread/INFO]: [org.prism_mc.prism.libs.quartz.impl.StdSchedulerFactory] Using default implementation for ThreadExecutor
[18:59:28] [Server thread/INFO]: [org.prism_mc.prism.libs.quartz.core.SchedulerSignalerImpl] Initialized Scheduler Signaller of type: class org.prism_mc.prism.libs.quartz.core.SchedulerSignalerImpl
[18:59:28] [Server thread/INFO]: [org.prism_mc.prism.libs.quartz.core.QuartzScheduler] Quartz Scheduler v2.5.0 created.
[18:59:28] [Server thread/INFO]: [org.prism_mc.prism.libs.quartz.simpl.RAMJobStore] RAMJobStore initialized.
[18:59:28] [Server thread/INFO]: [org.prism_mc.prism.libs.quartz.core.QuartzScheduler] Scheduler meta-data: Quartz Scheduler (v2.5.0) 'PrismQuartzScheduler' with instanceId 'NON_CLUSTERED'
  Scheduler class: 'org.prism_mc.prism.libs.quartz.core.QuartzScheduler' - running locally.
  NOT STARTED.
  Currently in standby mode.
  Number of jobs executed: 0
  Using thread pool 'org.prism_mc.prism.libs.quartz.simpl.SimpleThreadPool' - with 2 threads.
  Using job-store 'org.prism_mc.prism.libs.quartz.simpl.RAMJobStore' - which does not support persistence. and is not clustered.

[18:59:28] [Server thread/INFO]: [org.prism_mc.prism.libs.quartz.impl.StdSchedulerFactory] Quartz scheduler 'PrismQuartzScheduler' initialized from an externally provided properties instance.
[18:59:28] [Server thread/INFO]: [org.prism_mc.prism.libs.quartz.impl.StdSchedulerFactory] Quartz scheduler version: 2.5.0
[18:59:28] [Server thread/INFO]: [org.prism_mc.prism.libs.quartz.core.QuartzScheduler] Scheduler PrismQuartzScheduler_$_NON_CLUSTERED started.
[18:59:28] [Server thread/INFO]: [prism] Found locale Chinese (China) (zh_CN) in: /locale/messages-zh_CN.properties
[18:59:28] [Server thread/INFO]: [prism] Successfully loaded locale Chinese (China) (zh_CN)
[18:59:28] [Server thread/INFO]: [prism] Found locale English (United States) (en_US) in: /locale/messages-en_US.properties
[18:59:28] [Server thread/INFO]: [prism] Successfully loaded locale English (United States) (en_US)
[18:59:28] [Server thread/INFO]: [prism] Found locale English (Portugal) (en_PT) in: /locale/messages-en_PT.properties
[18:59:28] [Server thread/INFO]: [prism] Successfully loaded locale English (Portugal) (en_PT)
[18:59:29] [Server thread/INFO]: [prism] Hooking into WorldEdit
[18:59:29] [Server thread/WARN]: **** SERVER IS RUNNING IN OFFLINE/INSECURE MODE!
[18:59:29] [Server thread/WARN]: The server will make no attempt to authenticate usernames. Beware.
[18:59:29] [Server thread/WARN]: Whilst this makes it possible to use BungeeCord, unless access to your server is properly restricted, it also opens up the ability for hackers to connect with any username they choose.
[18:59:29] [Server thread/WARN]: Please see http://www.spigotmc.org/wiki/firewall-guide/ for further information.
[18:59:29] [Server thread/WARN]: To change this, set "online-mode" to "true" in the server.properties file.
[18:59:29] [Server thread/INFO]: Preparing level "world"
[18:59:29] [Server thread/ERROR]: [MapSerializer] Could not deserialize key potion into net.minecraft.world.entity.EntityType<?> at [chunks, entity-per-chunk-save-limit]: Missing value in Registry[ResourceKey[minecraft:root / minecraft:entity_type] (Stable)] with key minecraft:potion
[18:59:30] [Server thread/ERROR]: [MapSerializer] Could not deserialize key potion into net.minecraft.world.entity.EntityType<?> at [chunks, entity-per-chunk-save-limit]: Missing value in Registry[ResourceKey[minecraft:root / minecraft:entity_type] (Stable)] with key minecraft:potion
[18:59:30] [Server thread/ERROR]: [MapSerializer] Could not deserialize key potion into net.minecraft.world.entity.EntityType<?> at [chunks, entity-per-chunk-save-limit]: Missing value in Registry[ResourceKey[minecraft:root / minecraft:entity_type] (Stable)] with key minecraft:potion
[18:59:30] [Server thread/INFO]: Loading 0 persistent chunks for world 'minecraft:overworld'...
[18:59:30] [Server thread/INFO]: Preparing spawn area: 100%
[18:59:30] [Server thread/INFO]: Prepared spawn area in 1 ms
[18:59:30] [Server thread/INFO]: Loading 0 persistent chunks for world 'minecraft:the_nether'...
[18:59:30] [Server thread/INFO]: Prepared spawn area in 0 ms
[18:59:30] [Server thread/INFO]: Loading 0 persistent chunks for world 'minecraft:the_end'...
[18:59:30] [Server thread/INFO]: Prepared spawn area in 0 ms
[18:59:30] [Server thread/INFO]: Done preparing level "world" (0.333s)
[18:59:30] [Server thread/INFO]: [ViaVersion] Enabling ViaVersion v5.8.1
[18:59:30] [Server thread/INFO]: [ViaVersion] ViaVersion detected server version: 1.21.11 (774)
[18:59:30] [Server thread/INFO]: [ModelEngine] [S] Compatibility applied: ViaVersion
[18:59:30] [Server thread/INFO]: [ViaBackwards] Enabling ViaBackwards v5.8.1
[18:59:30] [Server thread/INFO]: [WorldGuard] Enabling WorldGuard v7.0.16+2355-f7fded2
[18:59:30] [Server thread/INFO]: [WorldGuard] (world) TNT ignition is PERMITTED.
[18:59:30] [Server thread/INFO]: [WorldGuard] (world) Lighters are PERMITTED.
[18:59:30] [Server thread/INFO]: [WorldGuard] (world) Lava fire is PERMITTED.
[18:59:30] [Server thread/INFO]: [WorldGuard] (world) Fire spread is UNRESTRICTED.
[18:59:30] [Server thread/INFO]: [WorldGuard] Loaded configuration for world 'world'
[18:59:30] [Server thread/INFO]: [WorldGuard] (world_nether) TNT ignition is PERMITTED.
[18:59:30] [Server thread/INFO]: [WorldGuard] (world_nether) Lighters are PERMITTED.
[18:59:30] [Server thread/INFO]: [WorldGuard] (world_nether) Lava fire is PERMITTED.
[18:59:30] [Server thread/INFO]: [WorldGuard] (world_nether) Fire spread is UNRESTRICTED.
[18:59:30] [Server thread/INFO]: [WorldGuard] Loaded configuration for world 'world_nether'
[18:59:30] [Server thread/INFO]: [WorldGuard] (world_the_end) TNT ignition is PERMITTED.
[18:59:30] [Server thread/INFO]: [WorldGuard] (world_the_end) Lighters are PERMITTED.
[18:59:30] [Server thread/INFO]: [WorldGuard] (world_the_end) Lava fire is PERMITTED.
[18:59:30] [Server thread/INFO]: [WorldGuard] (world_the_end) Fire spread is UNRESTRICTED.
[18:59:30] [Server thread/INFO]: [WorldGuard] Loaded configuration for world 'world_the_end'
[18:59:30] [Server thread/INFO]: [WorldGuard] Loading region data...
[18:59:30] [Server thread/INFO]: [PlaceholderAPI] Enabling PlaceholderAPI v2.12.2
[18:59:30] [Server thread/INFO]: [PlaceholderAPI] Fetching available expansion information...
[18:59:30] [Server thread/INFO]: [packetevents] Enabling packetevents v2.11.2
[18:59:30] [packetevents-update-check-thread/INFO]: [packetevents] Checking for updates, please wait...
[18:59:30] [Server thread/INFO]: [Citizens] Enabling Citizens v2.0.41-SNAPSHOT (build 4082)
[18:59:30] [packetevents-update-check-thread/INFO]: [packetevents] There is an update available for PacketEvents! Your build: (2.11.2) | Latest release: (2.12.0)
[18:59:30] [Server thread/INFO]: [Citizens] Loaded 2 templates.
[18:59:30] [Server thread/INFO]: [PlaceholderAPI] Successfully registered internal expansion: citizens [1.0.0]
[18:59:30] [Server thread/INFO]: [Citizens] Loaded economy handling via Vault.
[18:59:31] [Server thread/INFO]: [ModelEngine] [S] Compatibility applied: Citizens
[18:59:31] [Server thread/INFO]: [NextCash] Enabling NextCash v1.2.14
[18:59:31] [Server thread/INFO]: [NextCash] Iniciando carregamento do plugin.
[18:59:31] [Server thread/INFO]: [NextCash] (INFO) Conexão com o banco de dados (MySQL) realizada com sucesso.
[18:59:31] [Server thread/INFO]: [com.nextplugins.cash.libs.hikari.HikariDataSource] HikariPool-1 - Starting...
[18:59:31] [Server thread/INFO]: [com.nextplugins.cash.libs.hikari.HikariDataSource] HikariPool-1 - Start completed.
[18:59:31] [Server thread/INFO]: [NextCash] (INFO) DAO do plugin iniciado com sucesso.
[18:59:31] [Server thread/WARN]: [NextCash] Could not save messages.yml to plugins/NextCash/messages.yml because messages.yml already exists.
[18:59:31] [Server thread/WARN]: [NextCash] Could not save ranking.yml to plugins/NextCash/ranking.yml because ranking.yml already exists.
[18:59:31] [Server thread/INFO]: [NextCash] (INFO) Listeners registrados com sucesso.
[18:59:31] [Server thread/INFO]: [NextCash] (INFO) Comandos registrados com sucesso.
[18:59:31] [Server thread/INFO]: [NextCash] Métrica de uso habilitada com sucesso.
[18:59:31] [Server thread/INFO]: [NextCash] Plugin inicializado com sucesso. (142.2 ms)
[18:59:31] [Server thread/INFO]: [PlayerPoints] Enabling PlayerPoints v1.0.0*
[18:59:31] [Server thread/INFO]: [PlayerPoints (FAKE)] Plugin iniciado com sucesso
[18:59:31] [Server thread/INFO]: [nightcore] PlayerPoints detected! Loading currency...
[18:59:31] [Server thread/INFO]: [nightcore] Currency registered: 'playerpoints'.
[18:59:31] [Server thread/INFO]: [LiteBans] Enabling LiteBans v2.18.8
[18:59:31] [Server thread/INFO]: [LiteBans] Using default database drivers (version:8).
[18:59:31] [Server thread/INFO]: [LiteBans] Loaded 2 templates from templates.yml!
[18:59:31] [LiteBans-0/INFO]: [LiteBans] Using system locale (en)
[18:59:31] [Server thread/INFO]: [LiteBans] Loading: h2 1.4.197
[18:59:31] [Server thread/INFO]: [LiteBans] Connecting to database...
[18:59:31] [Server thread/INFO]: [LiteBans] Connected to H2 database successfully (84.3 ms).
[18:59:31] [Server thread/INFO]: [LiteBans] Database connection fully initialized (87.3 ms).
[18:59:31] [Server thread/INFO]: [LiteBans] v2.18.8 enabled. Startup took 89 ms.
[18:59:31] [Server thread/INFO]: [Multiverse-Core] Enabling Multiverse-Core v4.3.12
[18:59:31] [Server thread/WARN]: [Multiverse-Core] "Multiverse-Core v4.3.12" has registered a listener for org.bukkit.event.entity.EntityCreatePortalEvent on method "public void com.onarandombox.MultiverseCore.listeners.MVPortalListener.entityPortalCreate(org.bukkit.event.entity.EntityCreatePortalEvent)", but the event is Deprecated. "Server performance will be affected"; please notify the authors [dumptruckman, Rigby, fernferret, lithium3141, main--].
[18:59:31] [Server thread/INFO]: [Multiverse-Core] §aWe are aware of the warning about the deprecated event. There is no alternative that allows us to do what we need to do and performance impact is negligible. It is safe to ignore.
[18:59:32] [Server thread/ERROR]: [MapSerializer] Could not deserialize key potion into net.minecraft.world.entity.EntityType<?> at [chunks, entity-per-chunk-save-limit]: Missing value in Registry[ResourceKey[minecraft:root / minecraft:entity_type] (Stable)] with key minecraft:potion
[18:59:32] [Server thread/INFO]: Loading 0 persistent chunks for world 'minecraft:spiral1'...
[18:59:32] [Server thread/INFO]: Prepared spawn area in 0 ms
[18:59:32] [Server thread/INFO]: [WorldGuard] (Spiral1) TNT ignition is PERMITTED.
[18:59:32] [Server thread/INFO]: [WorldGuard] (Spiral1) Lighters are PERMITTED.
[18:59:32] [Server thread/INFO]: [WorldGuard] (Spiral1) Lava fire is PERMITTED.
[18:59:32] [Server thread/INFO]: [WorldGuard] (Spiral1) Fire spread is UNRESTRICTED.
[18:59:32] [Server thread/INFO]: [WorldGuard] Loaded configuration for world 'Spiral1'
[18:59:32] [Server thread/ERROR]: [MapSerializer] Could not deserialize key potion into net.minecraft.world.entity.EntityType<?> at [chunks, entity-per-chunk-save-limit]: Missing value in Registry[ResourceKey[minecraft:root / minecraft:entity_type] (Stable)] with key minecraft:potion
[18:59:32] [Server thread/INFO]: Loading 0 persistent chunks for world 'minecraft:spiral2'...
[18:59:32] [Server thread/INFO]: Prepared spawn area in 0 ms
[18:59:32] [Server thread/INFO]: [WorldGuard] (Spiral2) TNT ignition is PERMITTED.
[18:59:32] [Server thread/INFO]: [WorldGuard] (Spiral2) Lighters are PERMITTED.
[18:59:32] [Server thread/INFO]: [WorldGuard] (Spiral2) Lava fire is PERMITTED.
[18:59:32] [Server thread/INFO]: [WorldGuard] (Spiral2) Fire spread is UNRESTRICTED.
[18:59:32] [Server thread/INFO]: [WorldGuard] Loaded configuration for world 'Spiral2'
[18:59:32] [Server thread/ERROR]: [MapSerializer] Could not deserialize key potion into net.minecraft.world.entity.EntityType<?> at [chunks, entity-per-chunk-save-limit]: Missing value in Registry[ResourceKey[minecraft:root / minecraft:entity_type] (Stable)] with key minecraft:potion
[18:59:32] [Server thread/INFO]: Loading 81 persistent chunks for world 'minecraft:spiral3'...
[18:59:32] [Server thread/INFO]: Preparing spawn area: 10%
[18:59:32] [Server thread/INFO]: Prepared spawn area in 445 ms
[18:59:32] [Server thread/INFO]: [WorldGuard] (Spiral3) TNT ignition is PERMITTED.
[18:59:32] [Server thread/INFO]: [WorldGuard] (Spiral3) Lighters are PERMITTED.
[18:59:32] [Server thread/INFO]: [WorldGuard] (Spiral3) Lava fire is PERMITTED.
[18:59:32] [Server thread/INFO]: [WorldGuard] (Spiral3) Fire spread is UNRESTRICTED.
[18:59:32] [Server thread/INFO]: [WorldGuard] Loaded configuration for world 'Spiral3'
[18:59:32] [Server thread/ERROR]: [MapSerializer] Could not deserialize key potion into net.minecraft.world.entity.EntityType<?> at [chunks, entity-per-chunk-save-limit]: Missing value in Registry[ResourceKey[minecraft:root / minecraft:entity_type] (Stable)] with key minecraft:potion
[18:59:32] [Server thread/INFO]: Loading 0 persistent chunks for world 'minecraft:spiral4'...
[18:59:32] [Server thread/INFO]: Preparing spawn area: 100%
[18:59:32] [Server thread/INFO]: Prepared spawn area in 1 ms
[18:59:32] [Server thread/INFO]: [WorldGuard] (Spiral4) TNT ignition is PERMITTED.
[18:59:32] [Server thread/INFO]: [WorldGuard] (Spiral4) Lighters are PERMITTED.
[18:59:32] [Server thread/INFO]: [WorldGuard] (Spiral4) Lava fire is PERMITTED.
[18:59:32] [Server thread/INFO]: [WorldGuard] (Spiral4) Fire spread is UNRESTRICTED.
[18:59:32] [Server thread/INFO]: [WorldGuard] Loaded configuration for world 'Spiral4'
[18:59:32] [Server thread/ERROR]: [MapSerializer] Could not deserialize key potion into net.minecraft.world.entity.EntityType<?> at [chunks, entity-per-chunk-save-limit]: Missing value in Registry[ResourceKey[minecraft:root / minecraft:entity_type] (Stable)] with key minecraft:potion
[18:59:32] [Server thread/INFO]: Loading 25 persistent chunks for world 'minecraft:spiral5'...
[18:59:32] [Server thread/INFO]: Preparing spawn area: 28%
[18:59:32] [Server thread/INFO]: Prepared spawn area in 88 ms
[18:59:32] [Server thread/INFO]: [WorldGuard] (Spiral5) TNT ignition is PERMITTED.
[18:59:32] [Server thread/INFO]: [WorldGuard] (Spiral5) Lighters are PERMITTED.
[18:59:32] [Server thread/INFO]: [WorldGuard] (Spiral5) Lava fire is PERMITTED.
[18:59:32] [Server thread/INFO]: [WorldGuard] (Spiral5) Fire spread is UNRESTRICTED.
[18:59:32] [Server thread/INFO]: [WorldGuard] Loaded configuration for world 'Spiral5'
[18:59:32] [Server thread/ERROR]: [MapSerializer] Could not deserialize key potion into net.minecraft.world.entity.EntityType<?> at [chunks, entity-per-chunk-save-limit]: Missing value in Registry[ResourceKey[minecraft:root / minecraft:entity_type] (Stable)] with key minecraft:potion
[18:59:32] [Server thread/INFO]: Loading 0 persistent chunks for world 'minecraft:dungeons'...
[18:59:32] [Server thread/INFO]: Prepared spawn area in 0 ms
[18:59:32] [Server thread/INFO]: [WorldGuard] (dungeons) TNT ignition is PERMITTED.
[18:59:32] [Server thread/INFO]: [WorldGuard] (dungeons) Lighters are PERMITTED.
[18:59:32] [Server thread/INFO]: [WorldGuard] (dungeons) Lava fire is PERMITTED.
[18:59:32] [Server thread/INFO]: [WorldGuard] (dungeons) Fire spread is UNRESTRICTED.
[18:59:32] [Server thread/INFO]: [WorldGuard] Loaded configuration for world 'dungeons'
[18:59:32] [Server thread/ERROR]: [MapSerializer] Could not deserialize key potion into net.minecraft.world.entity.EntityType<?> at [chunks, entity-per-chunk-save-limit]: Missing value in Registry[ResourceKey[minecraft:root / minecraft:entity_type] (Stable)] with key minecraft:potion
[18:59:32] [Server thread/INFO]: Loading 0 persistent chunks for world 'minecraft:pvp'...
[18:59:32] [Server thread/INFO]: Preparing spawn area: 100%
[18:59:32] [Server thread/INFO]: Prepared spawn area in 1 ms
[18:59:32] [Server thread/INFO]: [WorldGuard] (pvp) TNT ignition is PERMITTED.
[18:59:32] [Server thread/INFO]: [WorldGuard] (pvp) Lighters are PERMITTED.
[18:59:32] [Server thread/INFO]: [WorldGuard] (pvp) Lava fire is PERMITTED.
[18:59:32] [Server thread/INFO]: [WorldGuard] (pvp) Fire spread is UNRESTRICTED.
[18:59:32] [Server thread/INFO]: [WorldGuard] Loaded configuration for world 'pvp'
[18:59:32] [Server thread/ERROR]: [MapSerializer] Could not deserialize key potion into net.minecraft.world.entity.EntityType<?> at [chunks, entity-per-chunk-save-limit]: Missing value in Registry[ResourceKey[minecraft:root / minecraft:entity_type] (Stable)] with key minecraft:potion
[18:59:32] [Server thread/INFO]: Loading 0 persistent chunks for world 'minecraft:spiral'...
[18:59:32] [Server thread/INFO]: Prepared spawn area in 0 ms
[18:59:32] [Server thread/INFO]: [WorldGuard] (Spiral) TNT ignition is PERMITTED.
[18:59:32] [Server thread/INFO]: [WorldGuard] (Spiral) Lighters are PERMITTED.
[18:59:32] [Server thread/INFO]: [WorldGuard] (Spiral) Lava fire is PERMITTED.
[18:59:32] [Server thread/INFO]: [WorldGuard] (Spiral) Fire spread is UNRESTRICTED.
[18:59:32] [Server thread/INFO]: [WorldGuard] Loaded configuration for world 'Spiral'
[18:59:32] [Server thread/ERROR]: [MapSerializer] Could not deserialize key potion into net.minecraft.world.entity.EntityType<?> at [chunks, entity-per-chunk-save-limit]: Missing value in Registry[ResourceKey[minecraft:root / minecraft:entity_type] (Stable)] with key minecraft:potion
[18:59:32] [Server thread/INFO]: Loading 0 persistent chunks for world 'minecraft:duels'...
[18:59:32] [Server thread/INFO]: Prepared spawn area in 0 ms
[18:59:32] [Server thread/INFO]: [WorldGuard] (duels) TNT ignition is PERMITTED.
[18:59:32] [Server thread/INFO]: [WorldGuard] (duels) Lighters are PERMITTED.
[18:59:32] [Server thread/INFO]: [WorldGuard] (duels) Lava fire is PERMITTED.
[18:59:32] [Server thread/INFO]: [WorldGuard] (duels) Fire spread is UNRESTRICTED.
[18:59:32] [Server thread/INFO]: [WorldGuard] Loaded configuration for world 'duels'
[18:59:32] [Server thread/ERROR]: [MapSerializer] Could not deserialize key potion into net.minecraft.world.entity.EntityType<?> at [chunks, entity-per-chunk-save-limit]: Missing value in Registry[ResourceKey[minecraft:root / minecraft:entity_type] (Stable)] with key minecraft:potion
[18:59:32] [Server thread/INFO]: Loading 0 persistent chunks for world 'minecraft:battleroyale'...
[18:59:32] [Server thread/INFO]: Prepared spawn area in 0 ms
[18:59:32] [Server thread/INFO]: [WorldGuard] (battleroyale) TNT ignition is PERMITTED.
[18:59:32] [Server thread/INFO]: [WorldGuard] (battleroyale) Lighters are PERMITTED.
[18:59:32] [Server thread/INFO]: [WorldGuard] (battleroyale) Lava fire is PERMITTED.
[18:59:32] [Server thread/INFO]: [WorldGuard] (battleroyale) Fire spread is UNRESTRICTED.
[18:59:32] [Server thread/INFO]: [WorldGuard] Loaded configuration for world 'battleroyale'
[18:59:32] [Server thread/ERROR]: [MapSerializer] Could not deserialize key potion into net.minecraft.world.entity.EntityType<?> at [chunks, entity-per-chunk-save-limit]: Missing value in Registry[ResourceKey[minecraft:root / minecraft:entity_type] (Stable)] with key minecraft:potion
[18:59:32] [Server thread/INFO]: Loading 0 persistent chunks for world 'minecraft:halff'...
[18:59:32] [Server thread/INFO]: Prepared spawn area in 0 ms
[18:59:33] [Server thread/INFO]: [WorldGuard] (Halff) TNT ignition is PERMITTED.
[18:59:33] [Server thread/INFO]: [WorldGuard] (Halff) Lighters are PERMITTED.
[18:59:33] [Server thread/INFO]: [WorldGuard] (Halff) Lava fire is PERMITTED.
[18:59:33] [Server thread/INFO]: [WorldGuard] (Halff) Fire spread is UNRESTRICTED.
[18:59:33] [Server thread/INFO]: [WorldGuard] Loaded configuration for world 'Halff'
[18:59:33] [Server thread/ERROR]: [MapSerializer] Could not deserialize key potion into net.minecraft.world.entity.EntityType<?> at [chunks, entity-per-chunk-save-limit]: Missing value in Registry[ResourceKey[minecraft:root / minecraft:entity_type] (Stable)] with key minecraft:potion
[18:59:33] [Server thread/INFO]: Loading 331 persistent chunks for world 'minecraft:horse'...
[18:59:33] [Server thread/INFO]: Preparing spawn area: 2%
[18:59:33] [Server thread/INFO]: Prepared spawn area in 200 ms
[18:59:33] [Server thread/INFO]: [WorldGuard] (Horse) TNT ignition is PERMITTED.
[18:59:33] [Server thread/INFO]: [WorldGuard] (Horse) Lighters are PERMITTED.
[18:59:33] [Server thread/INFO]: [WorldGuard] (Horse) Lava fire is PERMITTED.
[18:59:33] [Server thread/INFO]: [WorldGuard] (Horse) Fire spread is UNRESTRICTED.
[18:59:33] [Server thread/INFO]: [WorldGuard] Loaded configuration for world 'Horse'
[18:59:33] [Server thread/ERROR]: [MapSerializer] Could not deserialize key potion into net.minecraft.world.entity.EntityType<?> at [chunks, entity-per-chunk-save-limit]: Missing value in Registry[ResourceKey[minecraft:root / minecraft:entity_type] (Stable)] with key minecraft:potion
[18:59:33] [Server thread/INFO]: Loading 0 persistent chunks for world 'minecraft:hallows'...
[18:59:33] [Server thread/INFO]: Preparing spawn area: 100%
[18:59:33] [Server thread/INFO]: Prepared spawn area in 1 ms
[18:59:33] [Server thread/INFO]: [WorldGuard] (Hallows) TNT ignition is PERMITTED.
[18:59:33] [Server thread/INFO]: [WorldGuard] (Hallows) Lighters are PERMITTED.
[18:59:33] [Server thread/INFO]: [WorldGuard] (Hallows) Lava fire is PERMITTED.
[18:59:33] [Server thread/INFO]: [WorldGuard] (Hallows) Fire spread is UNRESTRICTED.
[18:59:33] [Server thread/INFO]: [WorldGuard] Loaded configuration for world 'Hallows'
[18:59:33] [Server thread/ERROR]: [MapSerializer] Could not deserialize key potion into net.minecraft.world.entity.EntityType<?> at [chunks, entity-per-chunk-save-limit]: Missing value in Registry[ResourceKey[minecraft:root / minecraft:entity_type] (Stable)] with key minecraft:potion
[18:59:33] [Server thread/INFO]: Loading 0 persistent chunks for world 'minecraft:seasons'...
[18:59:33] [Server thread/INFO]: Prepared spawn area in 0 ms
[18:59:33] [Server thread/INFO]: [WorldGuard] (Seasons) TNT ignition is PERMITTED.
[18:59:33] [Server thread/INFO]: [WorldGuard] (Seasons) Lighters are PERMITTED.
[18:59:33] [Server thread/INFO]: [WorldGuard] (Seasons) Lava fire is PERMITTED.
[18:59:33] [Server thread/INFO]: [WorldGuard] (Seasons) Fire spread is UNRESTRICTED.
[18:59:33] [Server thread/INFO]: [WorldGuard] Loaded configuration for world 'Seasons'
[18:59:33] [Server thread/ERROR]: [MapSerializer] Could not deserialize key potion into net.minecraft.world.entity.EntityType<?> at [chunks, entity-per-chunk-save-limit]: Missing value in Registry[ResourceKey[minecraft:root / minecraft:entity_type] (Stable)] with key minecraft:potion
[18:59:33] [Server thread/INFO]: Loading 0 persistent chunks for world 'minecraft:prison'...
[18:59:33] [Server thread/INFO]: Prepared spawn area in 0 ms
[18:59:33] [Server thread/INFO]: [WorldGuard] (prison) TNT ignition is PERMITTED.
[18:59:33] [Server thread/INFO]: [WorldGuard] (prison) Lighters are PERMITTED.
[18:59:33] [Server thread/INFO]: [WorldGuard] (prison) Lava fire is PERMITTED.
[18:59:33] [Server thread/INFO]: [WorldGuard] (prison) Fire spread is UNRESTRICTED.
[18:59:33] [Server thread/INFO]: [WorldGuard] Loaded configuration for world 'prison'
[18:59:33] [Server thread/ERROR]: [MapSerializer] Could not deserialize key potion into net.minecraft.world.entity.EntityType<?> at [chunks, entity-per-chunk-save-limit]: Missing value in Registry[ResourceKey[minecraft:root / minecraft:entity_type] (Stable)] with key minecraft:potion
[18:59:33] [Server thread/INFO]: Loading 0 persistent chunks for world 'minecraft:pve'...
[18:59:33] [Server thread/INFO]: Prepared spawn area in 0 ms
[18:59:33] [Server thread/INFO]: [WorldGuard] (pve) TNT ignition is PERMITTED.
[18:59:33] [Server thread/INFO]: [WorldGuard] (pve) Lighters are PERMITTED.
[18:59:33] [Server thread/INFO]: [WorldGuard] (pve) Lava fire is PERMITTED.
[18:59:33] [Server thread/INFO]: [WorldGuard] (pve) Fire spread is UNRESTRICTED.
[18:59:33] [Server thread/INFO]: [WorldGuard] Loaded configuration for world 'pve'
[18:59:33] [Server thread/INFO]: [Multiverse-Core] 19 - World(s) loaded.
[18:59:33] [Server thread/WARN]: [Multiverse-Core] Buscript failed to load! The script command will be disabled! If you would like not to see this message, use `/mv conf enablebuscript false` to disable Buscript from loading.
[18:59:33] [Server thread/INFO]: [Multiverse-Core] Version 4.3.12 (API v24) Enabled - By dumptruckman, Rigby, fernferret, lithium3141 and main--
[18:59:33] [Server thread/INFO]: [HeadDatabase] Enabling HeadDatabase v4.21.5
[18:59:33] [Server thread/INFO]: [HeadDatabase] [STDOUT] [Spigotunlocked.com] - COSMO
[18:59:33] [Server thread/WARN]: Nag author(s): '[Arcaniax]' of 'HeadDatabase v4.21.5' about their usage of System.out/err.print. Please use your plugin's logger instead (JavaPlugin#getLogger).
[18:59:33] [Server thread/INFO]: [HeadDatabase] §bUsando a linguagem §3"pt_BR.lang" §btraduzido por §2KUMApt
[18:59:33] [Server thread/INFO]: [HeadDatabase] Economy successfully setup using CURRENCY!
[18:59:33] [Server thread/INFO]: [PlaceholderAPI] Successfully registered internal expansion: hdb [4.21.5]
[18:59:33] [Server thread/INFO]: [Essentials] Enabling Essentials v2.21.2
[18:59:33] [Server thread/ERROR]: [Essentials] You are running an unsupported server version!
[18:59:33] [Server thread/INFO]: [Essentials] Attempting to convert old kits in config.yml to new kits.yml
[18:59:33] [Server thread/INFO]: [Essentials] No kits found to migrate.
[18:59:33] [Server thread/INFO]: [Essentials] Selected 1.20.6+ Potion Meta Provider as the provider for PotionMetaProvider
[18:59:33] [Server thread/INFO]: [Essentials] Selected 1.14+ Sign Data Provider as the provider for SignDataProvider
[18:59:33] [Server thread/INFO]: [Essentials] Selected 1.8.3+ Spawner Item Provider as the provider for SpawnerItemProvider
[18:59:33] [Server thread/INFO]: [Essentials] Selected Reflection Online Mode Provider as the provider for OnlineModeProvider
[18:59:33] [Server thread/INFO]: [Essentials] Selected Paper Known Commands Provider as the provider for KnownCommandsProvider
[18:59:33] [Server thread/INFO]: [Essentials] Selected 1.14.4+ Persistent Data Container Provider as the provider for PersistentDataProvider
[18:59:33] [Server thread/INFO]: [Essentials] Selected 1.20.5+ Banner Data Provider as the provider for BannerDataProvider
[18:59:33] [Server thread/INFO]: [Essentials] Selected 1.20.4+ Damage Event Provider as the provider for DamageEventProvider
[18:59:33] [Server thread/INFO]: [Essentials] Selected 1.12.2+ Player Locale Provider as the provider for PlayerLocaleProvider
[18:59:33] [Server thread/INFO]: [Essentials] Selected Paper Tick Count Provider as the provider for TickCountProvider
[18:59:33] [Server thread/INFO]: [Essentials] Selected Paper Biome Key Provider as the provider for BiomeKeyProvider
[18:59:33] [Server thread/INFO]: [Essentials] Selected Paper Server State Provider as the provider for ServerStateProvider
[18:59:33] [Server thread/INFO]: [Essentials] Selected 1.17.1+ World Info Provider as the provider for WorldInfoProvider
[18:59:33] [Server thread/INFO]: [Essentials] Selected Paper Serialization Provider as the provider for SerializationProvider
[18:59:33] [Server thread/INFO]: [Essentials] Selected Reflection Formatted Command Alias Provider as the provider for FormattedCommandAliasProvider
[18:59:33] [Server thread/INFO]: [Essentials] Selected 1.12+ Spawner Block Provider as the provider for SpawnerBlockProvider
[18:59:33] [Server thread/INFO]: [Essentials] Selected 1.21+ InventoryView Interface ABI Provider as the provider for InventoryViewProvider
[18:59:33] [Server thread/INFO]: [Essentials] Selected Paper Material Tag Provider as the provider for MaterialTagProvider
[18:59:33] [Server thread/INFO]: [Essentials] Selected 1.11+ Item Unbreakable Provider as the provider for ItemUnbreakableProvider
[18:59:33] [Server thread/INFO]: [Essentials] Selected 1.21.4+ Sync Commands Provider as the provider for SyncCommandsProvider
[18:59:33] [Server thread/INFO]: [Essentials] Selected Legacy Biome Name Provider as the provider for BiomeNameProvider
[18:59:33] [Server thread/INFO]: [Essentials] Selected 1.13+ Spawn Egg Provider as the provider for SpawnEggProvider
[18:59:33] [Server thread/INFO]: [Essentials] Selected Paper Container Provider as the provider for ContainerProvider
[18:59:33] [Server thread/INFO]: [Essentials] Loaded 43880 items from items.json.
[18:59:33] [Server thread/INFO]: [Essentials] Using locale pt_BR
[18:59:33] [Server thread/INFO]: [Essentials] ServerListPingEvent: Spigot iterator API
[18:59:34] [Server thread/INFO]: [Essentials] Starting Metrics. Opt-out using the global bStats config.
[18:59:34] [Server thread/INFO]: [Vault] [Economy] Essentials Economy hooked.
[18:59:34] [Server thread/INFO]: [Essentials] Using Vault based permissions (LuckPerms)
[18:59:34] [Server thread/INFO]: [MythicMobs] Enabling MythicMobs v5.11.2-6a371d59
[18:59:34] [Server thread/INFO]: [MythicMobs] Loading MythicMobs for Paper (MC: 1.21.11)...
[18:59:34] [Server thread/INFO]: [MythicMobs] The server is running Paper; enabled Paper exclusive functionality
[18:59:34] [Folia Async Scheduler Thread #3/INFO]: [HeadDatabase] Invalid Head found in Database: 122729
[18:59:34] [Folia Async Scheduler Thread #3/INFO]: [HeadDatabase] Successfully loaded 91727 heads!
[18:59:34] [Folia Async Scheduler Thread #3/INFO]: [HeadDatabase] Successfully loaded 18 featured tags!
[18:59:34] [Folia Async Scheduler Thread #3/WARN]: [HeadDatabase] §cYou are using an unreleased version!
[18:59:34] [Folia Async Scheduler Thread #3/WARN]: [HeadDatabase] Latest version: §a1.0§e. You are on version: §c4.21.5§e.
[18:59:34] [Server thread/INFO]: [MythicMobs] Mythic Citizens Support has been enabled!
[18:59:34] [Server thread/INFO]: [MythicMobs] Mythic MMOItems Support has been enabled!
[18:59:34] [Server thread/INFO]: [PlaceholderAPI] Successfully registered internal expansion: mythic [5.0.0]
[18:59:35] [Server thread/INFO]: [MythicMobs] Mythic PlaceholderAPI Support has been enabled!
[18:59:35] [Server thread/INFO]: [MythicMobs] Mythic Vault Support has been enabled!
[18:59:35] [Server thread/INFO]: [MythicMobs] Mythic WorldGuard Support has been enabled!
[18:59:35] [Server thread/INFO]: [MythicMobs] Mythic ShopGUIPlus Support has been enabled!
[18:59:36] [Server thread/INFO]: [MythicMobs] Loading Packs...
[18:59:36] [Server thread/INFO]: [MythicMobs] Loading Items...
[18:59:36] [Server thread/INFO]: [MythicMobs] Loading Item Groups...
[18:59:36] [Server thread/INFO]: [MythicMobs] All items loaded after 18ms!
[18:59:36] [Server thread/INFO]: [MythicMobs] Loading Skills...
[18:59:36] [Server thread/INFO]: [MythicMobs] Loading Drop Tables...
[18:59:36] [Server thread/INFO]: [MythicMobs] Loading Random Spawns...
[18:59:36] [Server thread/INFO]: [MythicMobs] Loading Spawn Blocks...
[18:59:36] [Server thread/INFO]: [MythicMobs] Second passes loaded after 9ms!
[18:59:36] [Server thread/INFO]: [MythicMobs] ✓ Loaded 128 mobs.
[18:59:36] [Server thread/INFO]: [MythicMobs] ✓ Loaded 3 vanilla mob overrides.
[18:59:36] [Server thread/INFO]: [MythicMobs] ✓ Loaded 0 mob stacks.
[18:59:36] [Server thread/INFO]: [MythicMobs] ✓ Loaded 355 skills.
[18:59:36] [Server thread/INFO]: [MythicMobs] ✓ Loaded 0 random spawns.
[18:59:36] [Server thread/INFO]: [MythicMobs] ✓ Loaded 3 mythic items.
[18:59:36] [Server thread/INFO]: [MythicMobs] ✓ Loaded 2 drop tables.
[18:59:36] [Server thread/INFO]: [MythicMobs] ✓ Loaded 0 mob spawners.
[18:59:36] [Server thread/INFO]: [MythicMobs] MythicMobs configuration file loaded successfully.
[18:59:36] [Server thread/INFO]: [MythicMobs] Started up bStats Metrics
[18:59:36] [Server thread/INFO]: [MythicMobs] ✓ MythicMobs Premium v5.11.2 ( build 6a371d59 ) has been successfully loaded!
[18:59:37] [Server thread/INFO]: [MythicMobs] Model Engine Compatibility Loaded.
[18:59:37] [Server thread/INFO]: [ModelEngine] [S] Compatibility applied: MythicMobs
[18:59:37] [Server thread/INFO]: [DecentHolograms] Enabling DecentHolograms v2.9.9
[18:59:37] [Server thread/INFO]: [DecentHolograms] Initialized NMS adapter for paper_v1_21_R7 (1.21.11).
[18:59:37] [Server thread/INFO]: [NBTAPI] [NBTAPI] Found Minecraft: 1.21.11! Trying to find NMS support
[18:59:37] [Server thread/INFO]: [NBTAPI] [NBTAPI] NMS support 'MC1_21_R7' loaded!
[18:59:37] [Server thread/INFO]: [NBTAPI] [NBTAPI] Using the plugin 'DecentHolograms' to create a bStats instance!
[18:59:37] [Server thread/INFO]: [DecentHolograms] NBT-API loaded successfully.
[18:59:37] [Server thread/INFO]: [DiscordSRV] Enabling DiscordSRV v1.30.4
[18:59:37] [Server thread/INFO]: [MythicLib] Enabling MythicLib v1.7.1-SNAPSHOT
[18:59:37] [Server thread/INFO]: [MythicLib] Hooked onto TextDisplays (holograms)
[18:59:37] [Server thread/INFO]: [MythicMobs] MMO Plugin Support has been enabled!
[18:59:37] [Server thread/INFO]: [MythicLib] Hooked onto MythicMobs
[18:59:37] [Server thread/INFO]: [PlaceholderAPI] Successfully registered internal expansion: mythiclib [1.7.1-SNAPSHOT]
[18:59:37] [Server thread/INFO]: [MythicLib] Hooked onto PlaceholderAPI
[18:59:37] [Server thread/WARN]: [MythicLib] Found a dependency cycle! Please make sure that the plugins involved load with no errors.
[18:59:37] [Server thread/WARN]: [MythicLib] Plugin dependency cycle: [Elevators, DecentHolograms, HeadDatabase, PlayerPoints, nightcore, MMOItems, AuraSkills, DecentHolograms]
[18:59:37] [Server thread/INFO]: [AuraSkills] Enabling AuraSkills v2.3.12
[18:59:38] [Server thread/INFO]: [AuraSkills] Loaded 21 message files
[18:59:38] [DiscordSRV - Initialization/INFO]: [DiscordSRV] [JDA] Login Successful!
[18:59:38] [Server thread/INFO]: [AuraSkills] Successfully registered hook LuckPerms
[18:59:38] [Server thread/INFO]: [PlaceholderAPI] Successfully registered internal expansion: auraskills [2.3.12]
[18:59:38] [Server thread/INFO]: [PlaceholderAPI] Successfully registered internal expansion: aureliumskills [2.3.12]
[18:59:38] [Server thread/INFO]: [AuraSkills] Successfully registered hook PlaceholderAPI
[18:59:38] [Server thread/INFO]: [AuraSkills] Successfully registered hook ProtocolLib
[18:59:38] [Server thread/INFO]: [AuraSkills] Successfully registered hook Vault
[18:59:38] [Server thread/INFO]: [AuraSkills] Successfully registered hook WorldGuard
[18:59:38] [Server thread/INFO]: [AuraSkills] Successfully registered hook MythicMobs
[18:59:38] [Server thread/INFO]: [AuraSkills] Loaded 160 config options in 28 ms
[18:59:38] [Server thread/INFO]: [NBTAPI] [NBTAPI] Found Minecraft: 1.21.11! Trying to find NMS support
[18:59:38] [Server thread/INFO]: [NBTAPI] [NBTAPI] NMS support 'MC1_21_R7' loaded!
[18:59:38] [Server thread/INFO]: [NBTAPI] [NBTAPI] Using the plugin 'AuraSkills' to create a bStats instance!
[18:59:38] [Server thread/INFO]: [AuraSkills] Loaded 7 blocked/disabled worlds
[18:59:38] [JDA MainWS-ReadThread/INFO]: [DiscordSRV] [JDA] Connected to WebSocket
[18:59:38] [pool-165-thread-1/INFO]: [DiscordSRV] DiscordSRV is up-to-date. (3ac35c15e43cb693f68baf05b72a26ebd4d3d78d)
[18:59:38] [Server thread/INFO]: [AuraSkills] [ACF] Enabled Asynchronous Tab Completion Support!
[18:59:38] [Server thread/INFO]: [CoreTools] Enabling CoreTools v1.4.1
[18:59:39] [Server thread/INFO]: [PlaceholderAPI] Successfully registered internal expansion: coretools [1.4.1]
[18:59:39] [Server thread/INFO]: [CoreTools] Hooked onto PlaceholderAPI
[18:59:39] [Server thread/INFO]: [SimpleClans] Enabling SimpleClans v2.19.3-SNAPSHOT-a2e59c9
[18:59:39] [Server thread/INFO]: [SimpleClans] Conexão SQLite bem sucedida
[18:59:39] [Server thread/INFO]: [SimpleClans] Clãs: 12
[18:59:39] [Server thread/INFO]: [SimpleClans] apagando dados do jogador: abacaxi1234567
[18:59:39] [Server thread/INFO]: [SimpleClans] apagando dados do jogador: PEDROorigins
[18:59:39] [Server thread/INFO]: [SimpleClans] apagando dados do jogador: Snoowy
[18:59:39] [Server thread/INFO]: [SimpleClans] apagando dados do jogador: LeoDeSilva
[18:59:39] [Server thread/INFO]: [SimpleClans] apagando dados do jogador: matra4_2
[18:59:39] [Server thread/INFO]: [SimpleClans] apagando dados do jogador: Glawn
[18:59:39] [Server thread/INFO]: [SimpleClans] apagando dados do jogador: JonhPistols
[18:59:39] [Server thread/INFO]: [SimpleClans] apagando dados do jogador: bubi_sharkbyte
[18:59:39] [Server thread/INFO]: [SimpleClans] apagando dados do jogador: Haiawan
[18:59:39] [Server thread/INFO]: [SimpleClans] apagando dados do jogador: purple_king67
[18:59:39] [Server thread/INFO]: [SimpleClans] Jogadores: 345
[18:59:39] [Server thread/INFO]: [SimpleClans] Registering 4 chat handlers...
[18:59:39] [Server thread/INFO]: [SimpleClans] [ACF] Enabled Asynchronous Tab Completion Support!
[18:59:39] [Server thread/INFO]: [SimpleClans] Registering 12 command contexts...
[18:59:39] [Server thread/INFO]: [SimpleClans] Registering 15 base commands...
[18:59:39] [Server thread/INFO]: [SimpleClans] Registering 32 command conditions...
[18:59:39] [Server thread/INFO]: [SimpleClans] Registering 19 command completions...
[18:59:39] [Server thread/INFO]: [SimpleClans] Multithreading: true
[18:59:39] [Server thread/INFO]: [SimpleClans] BungeeCord: false
[18:59:39] [Server thread/INFO]: [SimpleClans] HEX support: true
[18:59:39] [Server thread/INFO]: [SimpleClans] Help us translate SimpleClans to your language! Access https://crowdin.com/project/simpleclans/
[18:59:39] [Server thread/INFO]: [SimpleClans] PlaceholderAPI found. Registering hook...
[18:59:39] [Server thread/INFO]: [SimpleClans] Registering 7 placeholder resolvers...
[18:59:39] [Server thread/INFO]: [PlaceholderAPI] Successfully registered internal expansion: simpleclans [2.19.3-SNAPSHOT-a2e59c9]
[18:59:39] [Server thread/INFO]: [MMOItems] Enabling MMOItems v6.10.1-SNAPSHOT
[18:59:39] [Server thread/INFO]: [MMOItems] Hooked onto MythicMobs
[18:59:39] [Server thread/INFO]: [MMOItems] Hooked onto ItemsAdder
[18:59:39] [Server thread/INFO]: [MMOItems] Hooked onto AuraSkills
[18:59:39] [Server thread/INFO]: [MMOItems Template Modifiers] Loading template modifiers, please wait..
[18:59:39] [Server thread/INFO]: [MMOItems Item Templates] Loading item templates, please wait...
[18:59:39] [Server thread/INFO]: [MMOItems Item Templates (WHIP)] Could not post-load item template 'PIRATE_PISTOL': Could not find skill with ID 'SKILL'
[18:59:39] [Server thread/INFO]: [MMOItems] Hooked onto Vault
[18:59:39] [Server thread/INFO]: [MMOItems] Loading crafting stations, please wait..
[18:59:39] [JDA MainWS-ReadThread/INFO]: [DiscordSRV] [JDA] Finished Loading!
[18:59:39] [DiscordSRV - Initialization/INFO]: [DiscordSRV] Console channel ID was invalid, not forwarding console output
[18:59:39] [Server thread/INFO]: [PlaceholderAPI] Successfully registered internal expansion: mmoitems [6.10.1-SNAPSHOT]
[18:59:39] [Server thread/INFO]: [MMOItems] Hooked onto PlaceholderAPI
[18:59:39] [Server thread/INFO]: [MMOItems] Loading recipes, please wait...
[18:59:39] [Server thread/INFO]: [MythicLib Ingredient m MATERIAL PELICAN_FEATHER 1.0..] Invalid MMOItem MATERIAL PELICAN_FEATHER: No such MMOItem for Type MATERIAL. 
[18:59:39] [Server thread/INFO]: [MythicLib Ingredient m MATERIAL BLACK_FEATHER 1.0..] Invalid MMOItem MATERIAL BLACK_FEATHER: No such MMOItem for Type MATERIAL. 
[18:59:39] [Server thread/INFO]: [MythicLib Ingredient m MATERIAL TOUCAN_FEATHER 1.0..] Invalid MMOItem MATERIAL TOUCAN_FEATHER: No such MMOItem for Type MATERIAL. 
[18:59:39] [Server thread/INFO]: [MythicLib Ingredient m MATERIAL OWL_FEATHER 1.0..] Invalid MMOItem MATERIAL OWL_FEATHER: No such MMOItem for Type MATERIAL. 
[18:59:39] [Server thread/INFO]: [MythicLib Ingredient m BOW BOW_NATURES_WILL 1.0..] Invalid MMOItem BOW BOW_NATURES_WILL: No such MMOItem for Type BOW. 
[18:59:39] [Server thread/INFO]: [MythicLib Ingredient m MATERIAL BLUEJAY_FEATHER 1.0..] Invalid MMOItem MATERIAL BLUEJAY_FEATHER: No such MMOItem for Type MATERIAL. 
[18:59:39] [Server thread/INFO]: [MythicLib Ingredient m MATERIAL HUMMINGBIRD_FEATHER 1.0..] Invalid MMOItem MATERIAL HUMMINGBIRD_FEATHER: No such MMOItem for Type MATERIAL. 
[18:59:39] [Server thread/INFO]: [MythicLib Ingredient m MATERIAL GOLDEN_FEATHER 1.0..] Invalid MMOItem MATERIAL GOLDEN_FEATHER: No such MMOItem for Type MATERIAL. 
[18:59:39] [Server thread/INFO]: [MythicLib Ingredient m MATERIAL GOOSE_FEATHER 1.0..] Invalid MMOItem MATERIAL GOOSE_FEATHER: No such MMOItem for Type MATERIAL. 
[18:59:39] [Server thread/INFO]: [RedProtect] Enabling RedProtect v8.1.3-SNAPSHOT
[18:59:40] [Server thread/INFO]: [RedProtect] Server version: 1.21.11-R0.1-SNAPSHOT
[18:59:40] [Server thread/INFO]: [RedProtect] All configurations loaded!
[18:59:40] [Server thread/INFO]: [RedProtect] Language file loaded - Using: PT-BR
[18:59:40] [Server thread/INFO]: [RedProtect] Registering commands...
[18:59:40] [Server thread/INFO]: [RedProtect] Registering listeners...
[18:59:41] [Server thread/INFO]: [RedProtect] Vault Economy found. Hooked.
[18:59:41] [Server thread/INFO]: [RedProtect] Vault Permissions found. Hooked.
[18:59:41] [Server thread/INFO]: [RedProtect] Essentials found. Hooked.
[18:59:41] [Server thread/INFO]: [RedProtect] This version is only compatible with server version running on 1.19+. WorldGuard not hooked!
[18:59:41] [Server thread/INFO]: [RedProtect] SimpleClans found. Hooked.
[18:59:41] [Server thread/INFO]: [PlaceholderAPI] Successfully registered internal expansion: redprotect [8.1.3-SNAPSHOT]
[18:59:41] [Server thread/INFO]: [RedProtect] PlaceHolderAPI found. Hooked and registered some chat placeholders.
[18:59:41] [Server thread/INFO]: [RedProtect] - Loading world's regions...
[18:59:41] [Server thread/INFO]: [RedProtect] - Loading world_nether's regions...
[18:59:41] [Server thread/INFO]: [RedProtect] - Loading world_the_end's regions...
[18:59:41] [Server thread/INFO]: [RedProtect] - Loading Spiral1's regions...
[18:59:41] [Server thread/INFO]: [RedProtect] - Loading Spiral2's regions...
[18:59:41] [Server thread/INFO]: [RedProtect] - Loading Spiral3's regions...
[18:59:41] [Server thread/INFO]: [RedProtect] - Loading Spiral4's regions...
[18:59:41] [Server thread/INFO]: [RedProtect] - Loading Spiral5's regions...
[18:59:41] [Server thread/INFO]: [RedProtect] - Loading dungeons's regions...
[18:59:41] [Server thread/INFO]: [RedProtect] - Loading pvp's regions...
[18:59:41] [Server thread/INFO]: [RedProtect] - Loading Spiral's regions...
[18:59:41] [Server thread/INFO]: [RedProtect] - Loading duels's regions...
[18:59:41] [Server thread/INFO]: [RedProtect] - Loading battleroyale's regions...
[18:59:41] [Server thread/INFO]: [RedProtect] - Loading Halff's regions...
[18:59:41] [Server thread/INFO]: [RedProtect] - Loading Horse's regions...
[18:59:41] [Server thread/INFO]: [RedProtect] - Loading Hallows's regions...
[18:59:41] [Server thread/INFO]: [RedProtect] - Loading Seasons's regions...
[18:59:41] [Server thread/INFO]: [RedProtect] - Loading prison's regions...
[18:59:41] [Server thread/INFO]: [RedProtect] - Loading pve's regions...
[18:59:41] [Server thread/INFO]: [RedProtect] Auto-save Scheduler: Saving file database every 60 minutes!
[18:59:41] [Server thread/INFO]: [RedProtect] There are 1062 regions on (file) database!
[18:59:41] [Server thread/INFO]: [RedProtect] Helper version: Latest
[18:59:41] [Server thread/INFO]: [RedProtect] Loading GuiFlags for 1.14+
[18:59:41] [Server thread/INFO]: [RedProtect] Metrics enabled! See our stats here: https://bstats.org/plugin/bukkit/RedProtect
[18:59:41] [Server thread/INFO]: [RedProtect] Loading API...
[18:59:41] [Server thread/INFO]: [RedProtect] API Loaded!
[18:59:41] [Server thread/INFO]:  _   _  _   _   _   _  _ _  _  _ _ _  _
[18:59:41] [Server thread/INFO]: |_| |_ | \ |_| |_| | |  |  |_ |   |  |_|
[18:59:41] [Server thread/INFO]: | \ |_ |_/ |   | \ |_|  |  |_ |_  |  |_|
[18:59:41] [Server thread/INFO]: » RedProtect v8.1.3-SNAPSHOT enabled
[18:59:41] [Server thread/INFO]: 
[18:59:41] [Server thread/INFO]: [ItemsAdder] Enabling ItemsAdder v4.0.16
[18:59:41] [Server thread/WARN]: Using default server address: 0.0.0.0. Consider setting it in the `config.yml`
[18:59:41] [Server thread/WARN]: Using default server port: 25615. Consider setting it in the `config.yml`
[18:59:41] [Server thread/INFO]: 
                                                   ItemsAdder 4.0.16
  ___  ___        __        __   __   ___  __      ProtocolLib 5.4.0
|  |  |__   |\/| /__`  /\  |  \ |  \ |__  |__)     Paper 1.21.11-128-1fdbce1 (MC: 1.21.11)
|  |  |___  |  | .__/ /--\ |__/ |__/ |___ |  \     Build Date: 2026-03-24_16.24.01
                                                   Java Version: 21.0.10
                                                   OS: Linux 6.8.0-31-generic                                               
[18:59:41] [Server thread/INFO]: [ItemsAdder] Loading GlowingEntities API
[18:59:41] [Server thread/INFO]: [GlowingEntities] [GlowingEntities] Found server version 1.21.11
[18:59:41] [Server thread/INFO]: [GlowingEntities] [GlowingEntities] Loaded transparent mappings.
[18:59:41] [Server thread/WARN]: 
[18:59:41] [Server thread/WARN]: ViaVersion detected.
[18:59:41] [Server thread/WARN]: Joining via different game versions can cause issues and some are not fixable due to game limitations.
[18:59:41] [Server thread/WARN]: Make sure that you are aware of these limitations before reporting issues.
[18:59:41] [Server thread/WARN]: Info: https://a.devs.beer/ia-via-load
[18:59:41] [Server thread/WARN]: 
[18:59:41] [Server thread/INFO]: Registered Citizens NPC Trait: customentity
[18:59:41] [Server thread/INFO]: [Host] Started self-host webserver on port: 25782
[18:59:41] [Server thread/INFO]: [SelfHost] Rate limiter: max 3 requests / 2s.
[18:59:41] [Server thread/INFO]: [SelfHost] Clients exceeding 5 times will be blocked for 30m.
[18:59:42] [Server thread/INFO]: [Items] Registered equipment 'platinum_armor' with layers: abtgears:armor/platinum_armor/layer_1, abtgears:armor/platinum_armor/layer_2. File: /contents/abtgears/configs/myarmor.yml
[18:59:42] [Server thread/INFO]: [Items] Registered equipment 'toxic_armor' with layers: abtgears:armor/toxic_armor/layer_1, abtgears:armor/toxic_armor/layer_2. File: /contents/abtgears/configs/myarmor.yml
[18:59:42] [Server thread/INFO]: [Items] Registered equipment 'hisher_armor' with layers: abtgears:armor/clown_twisted_armor/twisted_valentines_layer_1, abtgears:armor/clown_twisted_armor/twisted_valentines_layer_2. File: /contents/abtgears/configs/myarmor.yml
[18:59:42] [Server thread/INFO]: [Items] Registered equipment 'clown_armor' with layers: abtgears:armor/clown_twisted_armor/twisted_clown_layer_1, abtgears:armor/clown_twisted_armor/twisted_clown_layer_2. File: /contents/abtgears/configs/myarmor.yml
[18:59:42] [Server thread/INFO]: [Items] Registered equipment 'hell_armor' with layers: abtgears:armor/hell_armor/layer_1, abtgears:armor/hell_armor/layer_2. File: /contents/abtgears/configs/myarmor.yml
[18:59:42] [Server thread/INFO]: [Items] Registered equipment 'crystalled_armor' with layers: abtgears:armor/crystalled_gear/layer_1, abtgears:armor/crystalled_gear/layer_2. File: /contents/abtgears/configs/myarmor.yml
[18:59:42] [Server thread/INFO]: [Items] Registered equipment 'spirit_armor' with layers: abtgears:armor/spirit_amor/spirit_layer_1, abtgears:armor/spirit_amor/spirit_layer_2. File: /contents/abtgears/configs/myarmor.yml
[18:59:42] [Server thread/INFO]: [Items] Registered equipment 'devil_armor' with layers: abtgears:armor/devil_armor/layer_1, abtgears:armor/devil_armor/layer_2. File: /contents/abtgears/configs/myarmor.yml
[18:59:42] [Server thread/INFO]: [Items] Registered equipment 'ice_armor' with layers: abtgears:armor/ice_armor/ice_body_1, abtgears:armor/ice_armor/ice_body_2. File: /contents/abtgears/configs/myarmor.yml
[18:59:42] [Server thread/INFO]: [Items] Registered equipment 'nightmare_armor' with layers: abtgears:armor/nightmare_armor/nightmare_body_1, abtgears:armor/nightmare_armor/nightmare_body_2. File: /contents/abtgears/configs/myarmor.yml
[18:59:42] [Server thread/INFO]: [Items] Registered equipment 'angel_armor' with layers: abtgears:armor/angel_armor/angel_body_1, abtgears:armor/angel_armor/angel_body_2. File: /contents/abtgears/configs/myarmor.yml
[18:59:42] [Server thread/INFO]: [Items] Registered equipment 'king_armor' with layers: abtgears:armor/king_armor/king_body_1, abtgears:armor/king_armor/king_body_2. File: /contents/abtgears/configs/myarmor.yml
[18:59:42] [Server thread/INFO]: [Items] Registered equipment 'easter_armor' with layers: abtgears:armor/easter_armor/layer_1, abtgears:armor/easter_armor/layer_2. File: /contents/abtgears/configs/myarmor.yml
[18:59:42] [Server thread/INFO]: [Items] Registered equipment 'dark_easter_armor' with layers: abtgears:armor/easter_armor/layer_3, abtgears:armor/easter_armor/layer_4. File: /contents/abtgears/configs/myarmor.yml
[18:59:42] [Server thread/INFO]: [Items] Registered equipment 'kirin_armor' with layers: abtgears:armor/kirin_armor/netherite_layer_1, abtgears:armor/kirin_armor/netherite_layer_2. File: /contents/abtgears/configs/myarmor.yml
[18:59:42] [Server thread/INFO]: [Items] Registered equipment 'calamity_armor' with layers: abtgears:armor/calamity_armor/netherite_layer_1, abtgears:armor/calamity_armor/netherite_layer_2. File: /contents/abtgears/configs/myarmor.yml
[18:59:42] [Server thread/INFO]: [Items] Registered equipment 'creaking_armor' with layers: abtgears:armor/creaking_armor/creaking_armor_layer_1, abtgears:armor/creaking_armor/creaking_armor_layer_2. File: /contents/abtgears/configs/myarmor.yml
[18:59:42] [Server thread/INFO]: [Items] Registered equipment 'legion_armor' with layers: abtgears:armor/legion_armor/legion_layer_1, abtgears:armor/legion_armor/legion_layer_2. File: /contents/abtgears/configs/myarmor.yml
[18:59:42] [Server thread/INFO]: [Items] Registered equipment 'samurai_armor' with layers: abtgears:armor/samurai_armor/samurai_layer_1, abtgears:armor/samurai_armor/samurai_layer_2. File: /contents/abtgears/configs/myarmor.yml
[18:59:42] [Server thread/INFO]: [Items] Registered equipment 'ruin_armor' with layers: abtgears:armor/ruin_armor/ruin_layer_1, abtgears:armor/ruin_armor/ruin_layer_2. File: /contents/abtgears/configs/myarmor.yml
[18:59:42] [Server thread/INFO]: [Items] Registered equipment 'cookie_armor' with layers: abtgears:armor/cookie_armor/cookie_layer_1, abtgears:armor/cookie_armor/cookie_layer_2. File: /contents/abtgears/configs/myarmor.yml
[18:59:42] [Server thread/INFO]: [Items] Registered equipment 'valentine_boy_armor' with layers: abtgears:armor/valentine_boy_armor/valentine_boy_layer_1, abtgears:armor/valentine_boy_armor/valentine_boy_layer_2. File: /contents/abtgears/configs/myarmor.yml
[18:59:42] [Server thread/INFO]: [Items] Registered equipment 'megz_armor' with layers: abtgears:armor/megz_armor/megz_layer_1, abtgears:armor/megz_armor/megz_layer_2. File: /contents/abtgears/configs/myarmor.yml
[18:59:42] [Server thread/INFO]: [Items] Registered equipment 'carnavaus_armor' with layers: abtgears:armor/carnavaus_armor/carnavaus_layer_1, abtgears:armor/carnavaus_armor/carnavaus_layer_2. File: /contents/abtgears/configs/myarmor.yml
[18:59:42] [Server thread/INFO]: [Items] Registered equipment 'celestial_armor' with layers: abtgears:armor/celestial_armor/celestial_layer_1, abtgears:armor/celestial_armor/celestial_layer_2. File: /contents/abtgears/configs/myarmor.yml
[18:59:42] [Server thread/INFO]: [Items] Registered equipment 'celestial_v2_armor' with layers: abtgears:armor/celestial_v2_armor/celestial_v2_layer_1, abtgears:armor/celestial_v2_armor/celestial_v2_layer_2. File: /contents/abtgears/configs/myarmor.yml
[18:59:42] [Server thread/INFO]: [Items] Registered equipment 'winter_armor' with layers: abtgears:armor/winter_armor/winter_layer_1, abtgears:armor/winter_armor/winter_layer_2. File: /contents/abtgears/configs/myarmor.yml
[18:59:42] [Server thread/INFO]: [Items] Registered equipment 'snake_armor' with layers: abtgears:armor/snake_armor/snake_layer_1, abtgears:armor/snake_armor/snake_layer_2. File: /contents/abtgears/configs/myarmor.yml
[18:59:42] [Server thread/INFO]: [Items] Registered equipment 'disorder_armor' with layers: abtgears:armor/disorder_armor/disorder_layer_1, abtgears:armor/disorder_armor/disorder_layer_2. File: /contents/abtgears/configs/myarmor.yml
[18:59:42] [Server thread/INFO]: [Items] Registered equipment 'shadow_ninja_armor' with layers: abtgears:armor/shadow_ninja_armor/shadow_ninja_layer_1, abtgears:armor/shadow_ninja_armor/shadow_ninja_layer_2. File: /contents/abtgears/configs/myarmor.yml
[18:59:42] [Server thread/INFO]: [Items] Registered equipment 'booster_armor' with layers: abtgears:armor/booster_armor/booster_layer_1, abtgears:armor/booster_armor/booster_layer_2. File: /contents/abtgears/configs/myarmor.yml
[18:59:42] [Server thread/INFO]: [Items] Registered equipment 'legion2_armor' with layers: abtgears:armor/legion_armor/legion2_layer_1, abtgears:armor/legion_armor/legion2_layer_2. File: /contents/abtgears/configs/myarmor.yml
[18:59:42] [Server thread/ERROR]: Can't find layer_1 'armor/archer/layer_1' texture file for equipment 'archer'. File: /contents/archer/configs/khan_archer_class.yml
[18:59:42] [Server thread/INFO]: [Items] Registered equipment 'khan_mender_class_armor' with layers: khan_mender_class:khan_mender_class/mender_layer_1, khan_mender_class:khan_mender_class/mender_layer_2. File: /contents/khan_mender_class/configs/khan_mender_class.yml
[18:59:42] [Server thread/ERROR]: [Items] 'archer:archer_helmet'. Error: Unknown 'equipment.id' value 'archer:archer'. File: /contents/archer/configs/khan_archer_class.yml
[18:59:42] [Server thread/ERROR]: [Items] 'archer:archer_chestplate'. Error: Unknown 'equipment.id' value 'archer:archer'. File: /contents/archer/configs/khan_archer_class.yml
[18:59:42] [Server thread/ERROR]: [Items] 'archer:archer_leggings'. Error: Unknown 'equipment.id' value 'archer:archer'. File: /contents/archer/configs/khan_archer_class.yml
[18:59:42] [Server thread/ERROR]: [Items] 'archer:archer_boots'. Error: Unknown 'equipment.id' value 'archer:archer'. File: /contents/archer/configs/khan_archer_class.yml
[18:59:42] [Server thread/INFO]: [ChestShop] Enabling ChestShop v3.12.3-SNAPSHOT (build 423)
[18:59:42] [Server thread/INFO]: [ChestShop] Found locales hu, es_mx, sv, en, ro, zh_tw, fi, tr, af, ca, da, it, ru, nl, cs, vi, pt_br, he, zh, es, ko, no, fr, el, ja, uk, de, pl, ar, sr
[18:59:42] [Server thread/INFO]: [ChestShop] Using EssentialsX Economy as the Economy provider now.
[18:59:42] [Server thread/INFO]: [ChestShop] Vault loaded!
[18:59:42] [Server thread/INFO]: [ChestShop] Using Paper's BlockDestroyEvent instead of the BlockPhysicsEvent!
[18:59:42] [Server thread/INFO]: [ChestShop] Auto-updater is disabled. If you want the plugin to automatically download new releases then set 'TURN_OFF_UPDATES' to 'false' in your config.yml!
[18:59:42] [Server thread/INFO]: [BreweryX] Enabling BreweryX v3.6.5;HEAD
[18:59:43] [Server thread/INFO]: [BreweryX] Using language: en.yml
[18:59:43] [Server thread/INFO]: [BreweryX] Minecraft version: 1.21.11
[18:59:43] [Server thread/INFO]: [BreweryX] DataManager created: SQLite
[18:59:43] [Server thread/INFO]: [PlaceholderAPI] Successfully registered internal expansion: breweryx [3.6.5;HEAD]
[18:59:43] [Server thread/INFO]: [BreweryX] Using scheduler: PaperScheduler
[18:59:43] [Server thread/INFO]: [BreweryX] Environment: Paper
[18:59:43] [Server thread/INFO]: [BreweryX] BreweryX enabled!
[18:59:43] [Server thread/INFO]: [floodgate] Enabling floodgate v2.2.5-SNAPSHOT (b126-096c605)
[18:59:43] [Server thread/INFO]: [PyroLib] Enabling PyroLib v1.4.8
[18:59:43] [Server thread/INFO]: [Votifier] Enabling Votifier v2.7.3
[18:59:43] [Server thread/INFO]: [Votifier] Loaded token for website: default
[18:59:43] [Server thread/INFO]: [Votifier] Using epoll transport to accept votes.
[18:59:43] [Server thread/INFO]: [Votifier] Method none selected for vote forwarding: Votes will not be received from a forwarder.
[18:59:43] [Votifier epoll boss/INFO]: [Votifier] Votifier enabled on socket /[0:0:0:0:0:0:0:0%0]:25750.
[18:59:43] [Server thread/INFO]: [ShopGUIPlus] Enabling ShopGUIPlus v1.112.0
[18:59:44] [Server thread/INFO]: [SMlib] Enabling SMlib v2.0
[18:59:44] [Server thread/INFO]: [PlaceholderAPI] Successfully registered internal expansion: SM [2.0]
[18:59:44] [Server thread/INFO]: [SMlib] SMlib loaded!
[18:59:44] [Server thread/INFO]: [TAB] Enabling TAB v5.5.0
[18:59:44] [Server thread/INFO]: [PlaceholderAPI] Successfully registered internal expansion: tab [5.5.0]
[18:59:44] [Server thread/INFO]: [TAB] Enabled in 95ms
[18:59:44] [Server thread/INFO]: [GSit] Enabling GSit v3.3.1
[18:59:44] [Server thread/INFO]: [PlaceholderAPI] Successfully registered internal expansion: gsit [3.3.1]
[18:59:44] [Server thread/INFO]: [WorldGuard] Registering session handler dev.geco.gsit.link.worldguard.RegionFlagHandler
[18:59:44] [Server thread/INFO]: [GSit] O plugin foi ativado com sucesso.
[18:59:44] [Server thread/INFO]: [GSit] Conexão com  PlaceholderAPI feita com sucesso!
[18:59:44] [Server thread/INFO]: [GSit] Conexão com  WorldGuard feita com sucesso!
[18:59:44] [Server thread/INFO]: [voicechat] Enabling voicechat v2.6.14
[18:59:44] [Server thread/INFO]: [voicechat] Initializing compatibility for version 1.21.11-R0.1
[18:59:44] [Server thread/INFO]: [voicechat] Compatibility version 20
[18:59:44] [Server thread/INFO]: [voicechat] Successfully initialized commodore command completion
[18:59:44] [Server thread/INFO]: [PlaceholderAPI] Successfully registered internal expansion: voicechat [2.6.14]
[18:59:44] [Server thread/INFO]: [voicechat] Successfully registered PlaceholderAPI expansion
[18:59:44] [Server thread/INFO]: [voicechat] Successfully added ViaVersion mappings
[18:59:44] [Server thread/INFO]: [NBTAPI] Enabling NBTAPI v2.15.5
[18:59:44] [Server thread/INFO]: [NBTAPI] Checking bindings...
[18:59:44] [Server thread/INFO]: [NBTAPI] All Classes were able to link!
[18:59:44] [Server thread/INFO]: [NBTAPI] All Methods were able to link!
[18:59:44] [Server thread/INFO]: [NBTAPI] Running NBT reflection test...
[18:59:44] [Server thread/INFO]: [NBTAPI] Success! This version of NBT-API is compatible with your server.
[18:59:44] [Server thread/INFO]: [PyroFishingPro] Enabling PyroFishingPro v4.9.27
[18:59:44] [DiscordSRV - Initialization/WARN]: [DiscordSRV] JDBC account link backend failed to initialize: 
[18:59:44] [DiscordSRV - Initialization/WARN]: [DiscordSRV] Caused by: SQLNonTransientConnectionException: Could not create connection to database server. Attempted reconnect 3 times. Giving up.
[18:59:44] [DiscordSRV - Initialization/WARN]: [DiscordSRV] Caused by: CJException: CLI-specific condition,  message from server: "Host '31.57.60.17' is not allowed to connect to this MariaDB server"
[18:59:44] [DiscordSRV - Initialization/WARN]: [DiscordSRV] Account link manager falling back to file backend
[18:59:44] [DiscordSRV - Initialization/INFO]: [DiscordSRV] Saved linked accounts in 2ms
[18:59:44] [DiscordSRV - Initialization/INFO]: [DiscordSRV] Enabling nChat hook
[18:59:44] [DiscordSRV - Initialization/INFO]: [DiscordSRV] Enabling Essentials hook
[18:59:44] [DiscordSRV - Initialization/INFO]: [DiscordSRV] Enabling LuckPerms hook
[18:59:44] [DiscordSRV - Initialization/INFO]: [DiscordSRV] Enabling Multiverse-Core hook
[18:59:44] [DiscordSRV - Initialization/INFO]: [DiscordSRV] Enabling PlaceholderAPI hook
[18:59:44] [Server thread/INFO]: ==================================================================================
[18:59:44] [Server thread/INFO]: 
[18:59:44] [Server thread/INFO]: __________                     ___________.__       .__    .__                
[18:59:44] [Server thread/INFO]: \______   \___.__._______  ____\_   _____/|__| _____|  |__ |__| ____    ____  
[18:59:44] [Server thread/INFO]:  |     ___<   |  |\_  __ \/  _ \|    __)  |  |/  ___/  |  \|  |/    \  / ___\ 
[18:59:44] [Server thread/INFO]:  |    |    \___  | |  | \(  <_> )     \   |  |\___ \|   Y  \  |   |  \/ /_/  >
[18:59:44] [Server thread/INFO]:  |____|    / ____| |__|   \____/\___  /   |__/____  >___|  /__|___|  /\___  / 
[18:59:44] [Server thread/INFO]:            \/                       \/            \/     \/        \//_____/  
[18:59:44] [Server thread/INFO]: 
[18:59:44] [Server thread/INFO]: - Loading v4.9.27...
[18:59:44] [Server thread/INFO]: 
[18:59:45] [Server thread/INFO]: - Registered to: 745156
[18:59:45] [Server thread/INFO]: - Successfully hooked into WorldGuard.
[18:59:45] [Server thread/INFO]: - Loaded (157) Custom Fish successfully.
[18:59:45] [Server thread/INFO]: - Loaded (0) fishing baits.
[18:59:45] [Server thread/INFO]: - Successfully hooked into PlaceholderAPI.
[18:59:45] [Server thread/INFO]: [PlaceholderAPI] Successfully registered internal expansion: PyroFishingPro [4.9.27]
[18:59:45] [Server thread/INFO]: 
[18:59:45] [Server thread/INFO]: ==================================================================================
[18:59:45] [Server thread/INFO]: 
[18:59:45] [Server thread/INFO]: [PinataParty] Enabling PinataParty v2.69.3
[18:59:45] [Server thread/INFO]: [PinataParty] Loading data...
[18:59:45] [Server thread/INFO]: [PinataParty] Registering hooks...
[18:59:45] [Server thread/INFO]: [PlaceholderAPI] Successfully registered internal expansion: pinataparty [2.69.3]
[18:59:45] [Server thread/INFO]: [PinataParty] Hooked into PlaceholderAPI
[18:59:45] [Server thread/INFO]: [PinataParty] Hooked into Votifier
[18:59:45] [Server thread/INFO]: [PinataParty] Hooked into Vault
[18:59:45] [Server thread/INFO]: [PinataParty] Registering commands...
[18:59:45] [Server thread/INFO]: [PinataParty] Registering listeners...
[18:59:45] [Server thread/INFO]: [PinataParty] Starting tasks...
[18:59:45] [Server thread/INFO]: [PinataParty] Starting metrics...
[18:59:45] [Server thread/INFO]: [PinataParty] Plugin registered to 745156 | -869614494
[18:59:45] [Server thread/INFO]: [PinataParty] Done and enabled in 18.47ms
[18:59:45] [Server thread/INFO]: [CMILib] Enabling CMILib v1.5.8.5
[18:59:45] [Server thread/INFO]: Server version: v1_21_R7 - 1.21.11 - paper  1.21.11-128-1fdbce1 (MC: 1.21.11)
[18:59:45] [Server thread/INFO]: [PlaceholderAPI] Successfully registered internal expansion: cmil [1.5.8.5]
[18:59:45] [Server thread/INFO]: PlaceholderAPI hooked.
[18:59:45] [Server thread/INFO]: Updated (EN) language file. Took 13ms
[18:59:46] [Server thread/INFO]: [Light] Enabling Light v1.2*
[18:59:46] [Server thread/INFO]: -----------------------------
[18:59:46] [Server thread/INFO]: Light Plugin Enabled
[18:59:46] [Server thread/INFO]: Plugin develloped by GFelberg
[18:59:46] [Server thread/INFO]: -----------------------------
[18:59:46] [Server thread/INFO]: [ClearLag] Enabling ClearLag v3.2.2
[18:59:46] [Server thread/INFO]: [ClearLag] Using version-adapter: LatestVersionAdapter
[18:59:46] [Server thread/INFO]: [ClearLag] Loading modules...
[18:59:46] [Server thread/INFO]: [ClearLag] Modules enabed, loading config values
[18:59:46] [Server thread/INFO]: [ClearLag] Modules have been loaded!
[18:59:46] [Server thread/INFO]: [ClearLag] Clearlag is now enabled!
[18:59:46] [Server thread/INFO]: [ExtractableEnchantments] Enabling ExtractableEnchantments v12.5
[18:59:46] [Server thread/INFO]: Extractable Enchantments v12.6 enabled!
[18:59:46] [Server thread/INFO]: [EE] EcoEnchants has been found!
[18:59:46] [Server thread/INFO]: [EE] Vault has been found!
[18:59:46] [Server thread/INFO]: [craftableNameTags] Enabling craftableNameTags v1.2.4
[18:59:46] [Server thread/INFO]: [CommandPanels] Enabling CommandPanels v3.23.4
[18:59:46] [Server thread/INFO]: [CommandPanels] RockyHawk's CommandPanels v3.23.4 Plugin Loading...
[18:59:46] [Server thread/INFO]: [NBTAPI] [NBTAPI] Found Minecraft: 1.21.11! Trying to find NMS support
[18:59:46] [Server thread/WARN]: [NBTAPI] [NBTAPI] This Server-Version(1.21.11-R0.1-SNAPSHOT) is not supported by this NBT-API Version(2.15.1-SNAPSHOT) located in CommandPanels. The NBT-API will try to work as good as it can! Some functions may not work!
[18:59:46] [Server thread/INFO]: [NBTAPI] [NBTAPI] Using the plugin 'CommandPanels' to create a bStats instance!
[18:59:46] [Server thread/INFO]: [PlaceholderAPI] Successfully registered internal expansion: commandpanels [3.23.4]
[18:59:46] [Server thread/INFO]: [CommandPanels] RockyHawk's CommandPanels v3.23.4 Plugin Loaded!
[18:59:46] [Server thread/INFO]: [SpawnerMeta] Enabling SpawnerMeta v25.5
[18:59:46] [Server thread/INFO]: [SpawnerMeta v25.4] enabled!
[18:59:46] [Server thread/INFO]: [SpawnerMeta] Vault has been found, economy enabled!
[18:59:46] [Server thread/INFO]: [SpawnerMeta] ShopGUI+ has been found, custom spawners provided!
[18:59:46] [Server thread/INFO]: [SpawnerMeta] PlayerPoints has been found, player points enabled!
[18:59:46] [Server thread/INFO]: [EssentialsSpawn] Enabling EssentialsSpawn v2.21.2
[18:59:46] [Server thread/INFO]: [EssentialsSpawn] Starting Metrics. Opt-out using the global bStats config.
[18:59:46] [Server thread/INFO]: [BroadcastX] Enabling BroadcastX v1.5-BETA
[18:59:46] [Server thread/ERROR]: [BroadcastX 1.5-BETA] - PlaceholderAPI has been implemented.
[18:59:46] [Server thread/INFO]: [SafariNet] Enabling SafariNet v1.16.33-SNAPSHOT
[18:59:46] [Server thread/INFO]: [SafariNet] Using v1_21_R7
[18:59:46] [Server thread/INFO]: [SafariNet] [SafariNet] WorldGuard found and using it.
[18:59:46] [Server thread/INFO]: [SafariNet] [SafariNet] Citizens found and using it.
[18:59:46] [Server thread/INFO]: [SafariNet] [SafariNet] MythicMobs found and using it.
[18:59:46] [Server thread/INFO]: [SafariNet] [SafariNet] RedProtect found and using it.
[18:59:46] [Server thread/INFO]: [Playtimes] Enabling Playtimes v1.6.2b*
[18:59:47] [Server thread/INFO]: [PlaceholderAPI] Successfully registered internal expansion: PlayTimes [1.6.1]
[18:59:47] [Server thread/INFO]: [Playtimes] PlaceholdersAPI Hooked!
[18:59:47] [Server thread/INFO]: [Playtimes] Successfully loaded.
[18:59:47] [Server thread/INFO]: [PhantomSpawnControl] Enabling PhantomSpawnControl v2.1.1
[18:59:47] [Server thread/INFO]: [PhantomSpawnControl] This plugin was made by alex_qp.
[18:59:47] [Server thread/INFO]: [CentralCart] Enabling CentralCart v1.0.1-e4g7l
[18:59:47] [Server thread/INFO]: 
   ______                 __                     __   ______                   __ 
  / ____/  ___    ____   / /_   _____  ____ _   / /  / ____/  ____ _   _____  / /_
 / /      / _ \  / __ \ / __/  / ___/ / __ `/  / /  / /      / __ `/  / ___/ / __/
/ /___   /  __/ / / / // /_   / /    / /_/ /  / /  / /___   / /_/ /  / /    / /_  
\____/   \___/ /_/ /_/ \__/  /_/     \__,_/  /_/   \____/   \__,_/  /_/     \__/  
                                                                                  
                      www.centralcart.com.br - v1.0.1-e4g7l
                       Monetize o seu servidor de Minecraft!
[18:59:47] [Server thread/INFO]: [CentralCart] => Plano: STARTER - Expira em: 11/05/2026
[18:59:47] [Server thread/INFO]: [PlaceholderAPI] Successfully registered internal expansion: cc [1.0.1-e4g7l]
[18:59:47] [Server thread/INFO]: [XLTournaments] Enabling XLTournaments v3.17.13
[18:59:47] [Server thread/INFO]: [XLTournaments] 
[18:59:47] [Server thread/INFO]: [XLTournaments] \/|      XLTournaments v3.17.13
[18:59:47] [Server thread/INFO]: [XLTournaments] /\|_     Author: [ItsLewizzz, ItzSave]
[18:59:47] [Server thread/INFO]: [XLTournaments]          Copyright (c) Zithium Studios 2023. All Rights Reserved.
[18:59:47] [Server thread/INFO]: [XLTournaments] 
[18:59:47] [Server thread/INFO]: [XLTournaments] Loading plugin..
[18:59:47] [Server thread/INFO]: [XLTournaments] Loading bstats metrics.
[18:59:47] [Server thread/INFO]: [XLTournaments] Metrics are disabled.
[18:59:47] [Server thread/INFO]: [XLTournaments] Hooked into Vault
[18:59:47] [Server thread/INFO]: [XLTournaments] 
[18:59:47] [Server thread/INFO]: [Marriage] Enabling Marriage v2.3.1
[18:59:47] [Server thread/INFO]: [Marriage] Loading config...
[18:59:47] [Server thread/INFO]: [Marriage] Hooked with LuckPerms using Vault!
[18:59:47] [Server thread/INFO]: [Marriage] Loading dependencies...
[18:59:47] [Server thread/INFO]: [Marriage] Loading metrics...
[18:59:47] [Server thread/INFO]: [Marriage] Loading listeners...
[18:59:47] [Server thread/INFO]: [Marriage] Loading database...
[18:59:47] [Server thread/INFO]: [Marriage] Loading commands...
[18:59:47] [Server thread/INFO]: [Marriage] Loading updater...
[18:59:47] [Server thread/INFO]: [Marriage] Loading converter...
[18:59:47] [Server thread/INFO]: [Marriage] Completed plugin load stage.
[18:59:47] [Server thread/INFO]: [RedstoneLimiter] Enabling RedstoneLimiter v1.0.3
[18:59:47] [Server thread/INFO]: [RedstoneLimiter] Legacy Bukkit/Spigot/Paper server detected.
[18:59:47] [Server thread/INFO]: [RedstoneLimiter] Cancelling tasks using the legacy Bukkit scheduler...
[18:59:47] [Server thread/INFO]: [RedstoneLimiter] RedstoneLimiter has been enabled.
[18:59:47] [Server thread/INFO]: [SM] Enabling StreamingModule v5.4.0
[18:59:48] [Server thread/INFO]: [PlaceholderAPI] Successfully registered internal expansion: SM [5.4.0]
[18:59:48] [Server thread/INFO]: [SM] Version 5.4.0 is enabled!
[18:59:48] [Server thread/INFO]: [Duels] Enabling Duels v3.5.6
[18:59:48] [pool-186-thread-1/INFO]: [io.github.xanthic.cache.core.CacheApiSettings] Xanthic: Automatically set default cache provider to CaffeineProvider.
[18:59:48] [Server thread/INFO]: [Duels] Successfully hooked into 'Essentials'!
[18:59:48] [Server thread/INFO]: [PlaceholderAPI] Successfully registered internal expansion: duels [1.0]
[18:59:48] [Server thread/INFO]: [Duels] Successfully hooked into 'PlaceholderAPI'!
[18:59:48] [Server thread/INFO]: [Duels] Successfully hooked into 'SimpleClans'!
[18:59:48] [Server thread/INFO]: [Duels] Using Economy Provider: com.earth2me.essentials.economy.vault.VaultEconomyProvider
[18:59:48] [Server thread/INFO]: [Duels] Successfully hooked into 'Vault'!
[18:59:48] [Server thread/INFO]: [Duels] Successfully hooked into 'WorldGuard'!
[18:59:48] [pool-186-thread-1/WARN]: [com.netflix.config.sources.URLConfigurationSource] No URLs will be polled as dynamic configuration sources.
[18:59:48] [pool-186-thread-1/INFO]: [com.netflix.config.sources.URLConfigurationSource] To enable URLs as dynamic configuration sources, define System property archaius.configurationSource.additionalUrls or make config.properties available on classpath.
[18:59:48] [Server thread/INFO]: [Duels] KitManagerImpl: Loaded 8 kit(s).
[18:59:48] [Server thread/INFO]: [Duels] ArenaManagerImpl: Loaded 7 arena(s).
[18:59:48] [Server thread/INFO]: [Duels] QueueManager: Loaded 0 queue(s).
[18:59:48] [Server thread/INFO]: [Duels] QueueSignManagerImpl: Loaded 0 queue sign(s).
[18:59:48] [Server thread/INFO]: [CrazyVouchers] Enabling CrazyVouchers v5.1.5
[18:59:48] [Server thread/INFO]: [CrazyVouchers] Cannot extract users.yml to plugins/CrazyVouchers/users.yml, because it already exists.
[18:59:48] [Server thread/INFO]: [CrazyVouchers] Cannot extract data.yml to plugins/CrazyVouchers/data.yml, because it already exists.
[18:59:48] [Server thread/INFO]: [CrazyVouchers] Cannot extract folder codes to plugins/CrazyVouchers, because it already exists @ plugins/CrazyVouchers/codes.
[18:59:48] [Server thread/INFO]: [CrazyVouchers] Cannot extract folder Starter-Money.yml to plugins/CrazyVouchers/codes, because it already exists @ plugins/CrazyVouchers/codes/Starter-Money.yml.
[18:59:48] [Server thread/INFO]: [CrazyVouchers] Cannot extract folder vouchers to plugins/CrazyVouchers, because it already exists @ plugins/CrazyVouchers/vouchers.
[18:59:48] [Server thread/INFO]: [CrazyVouchers] Cannot extract folder 2500.yml to plugins/CrazyVouchers/vouchers, because it already exists @ plugins/CrazyVouchers/vouchers/2500.yml.
[18:59:48] [Server thread/INFO]: [CrazyVouchers] Cannot extract folder vipultra1.yml to plugins/CrazyVouchers/vouchers, because it already exists @ plugins/CrazyVouchers/vouchers/vipultra1.yml.
[18:59:48] [Server thread/INFO]: [CrazyVouchers] Cannot extract folder cash15000.yml to plugins/CrazyVouchers/vouchers, because it already exists @ plugins/CrazyVouchers/vouchers/cash15000.yml.
[18:59:48] [Server thread/INFO]: [CrazyVouchers] Cannot extract folder viptitan3.yml to plugins/CrazyVouchers/vouchers, because it already exists @ plugins/CrazyVouchers/vouchers/viptitan3.yml.
[18:59:48] [Server thread/INFO]: [CrazyVouchers] Cannot extract folder 1000.yml to plugins/CrazyVouchers/vouchers, because it already exists @ plugins/CrazyVouchers/vouchers/1000.yml.
[18:59:48] [Server thread/INFO]: [CrazyVouchers] Cannot extract folder viptitan30.yml to plugins/CrazyVouchers/vouchers, because it already exists @ plugins/CrazyVouchers/vouchers/viptitan30.yml.
[18:59:48] [Server thread/INFO]: [CrazyVouchers] Cannot extract folder epicenchant.yml to plugins/CrazyVouchers/vouchers, because it already exists @ plugins/CrazyVouchers/vouchers/epicenchant.yml.
[18:59:48] [Server thread/INFO]: [CrazyVouchers] Cannot extract folder vipultra3.yml to plugins/CrazyVouchers/vouchers, because it already exists @ plugins/CrazyVouchers/vouchers/vipultra3.yml.
[18:59:48] [Server thread/INFO]: [CrazyVouchers] Cannot extract folder vipultra30.yml to plugins/CrazyVouchers/vouchers, because it already exists @ plugins/CrazyVouchers/vouchers/vipultra30.yml.
[18:59:48] [Server thread/INFO]: [CrazyVouchers] Cannot extract folder fishingt1.yml to plugins/CrazyVouchers/vouchers, because it already exists @ plugins/CrazyVouchers/vouchers/fishingt1.yml.
[18:59:48] [Server thread/INFO]: [CrazyVouchers] Cannot extract folder normalenchant.yml to plugins/CrazyVouchers/vouchers, because it already exists @ plugins/CrazyVouchers/vouchers/normalenchant.yml.
[18:59:48] [Server thread/INFO]: [CrazyVouchers] Cannot extract folder vipimmortal5.yml to plugins/CrazyVouchers/vouchers, because it already exists @ plugins/CrazyVouchers/vouchers/vipimmortal5.yml.
[18:59:48] [Server thread/INFO]: [CrazyVouchers] Cannot extract folder cash250.yml to plugins/CrazyVouchers/vouchers, because it already exists @ plugins/CrazyVouchers/vouchers/cash250.yml.
[18:59:48] [Server thread/INFO]: [CrazyVouchers] Cannot extract folder legendaryenchant.yml to plugins/CrazyVouchers/vouchers, because it already exists @ plugins/CrazyVouchers/vouchers/legendaryenchant.yml.
[18:59:48] [Server thread/INFO]: [CrazyVouchers] Cannot extract folder fishingt3.yml to plugins/CrazyVouchers/vouchers, because it already exists @ plugins/CrazyVouchers/vouchers/fishingt3.yml.
[18:59:48] [Server thread/INFO]: [CrazyVouchers] Cannot extract folder beta.yml to plugins/CrazyVouchers/vouchers, because it already exists @ plugins/CrazyVouchers/vouchers/beta.yml.
[18:59:48] [Server thread/INFO]: [CrazyVouchers] Cannot extract folder fishingt2.yml to plugins/CrazyVouchers/vouchers, because it already exists @ plugins/CrazyVouchers/vouchers/fishingt2.yml.
[18:59:48] [Server thread/INFO]: [CrazyVouchers] Cannot extract folder vipimmortal30.yml to plugins/CrazyVouchers/vouchers, because it already exists @ plugins/CrazyVouchers/vouchers/vipimmortal30.yml.
[18:59:48] [Server thread/INFO]: [CrazyVouchers] Cannot extract folder halloween.yml to plugins/CrazyVouchers/vouchers, because it already exists @ plugins/CrazyVouchers/vouchers/halloween.yml.
[18:59:48] [Server thread/INFO]: [CrazyVouchers] Cannot extract folder specialenchant.yml to plugins/CrazyVouchers/vouchers, because it already exists @ plugins/CrazyVouchers/vouchers/specialenchant.yml.
[18:59:48] [Server thread/INFO]: [CrazyVouchers] Cannot extract folder viptitan1.yml to plugins/CrazyVouchers/vouchers, because it already exists @ plugins/CrazyVouchers/vouchers/viptitan1.yml.
[18:59:48] [Server thread/INFO]: [CrazyVouchers] Cannot extract folder flyvoucher.yml to plugins/CrazyVouchers/vouchers, because it already exists @ plugins/CrazyVouchers/vouchers/flyvoucher.yml.
[18:59:48] [Server thread/INFO]: [CrazyVouchers] Cannot extract folder 50000.yml to plugins/CrazyVouchers/vouchers, because it already exists @ plugins/CrazyVouchers/vouchers/50000.yml.
[18:59:48] [Server thread/INFO]: [CrazyVouchers] Cannot extract folder cash1000.yml to plugins/CrazyVouchers/vouchers, because it already exists @ plugins/CrazyVouchers/vouchers/cash1000.yml.
[18:59:48] [Server thread/INFO]: [CrazyVouchers] Cannot extract folder veryspecialenchant.yml to plugins/CrazyVouchers/vouchers, because it already exists @ plugins/CrazyVouchers/vouchers/veryspecialenchant.yml.
[18:59:48] [Server thread/INFO]: [CrazyVouchers] Cannot extract folder shopboost.yml to plugins/CrazyVouchers/vouchers, because it already exists @ plugins/CrazyVouchers/vouchers/shopboost.yml.
[18:59:48] [Server thread/INFO]: [CrazyVouchers] Cannot extract folder viptitan5.yml to plugins/CrazyVouchers/vouchers, because it already exists @ plugins/CrazyVouchers/vouchers/viptitan5.yml.
[18:59:48] [Server thread/INFO]: [CrazyVouchers] Cannot extract folder vipimmortal1.yml to plugins/CrazyVouchers/vouchers, because it already exists @ plugins/CrazyVouchers/vouchers/vipimmortal1.yml.
[18:59:48] [Server thread/INFO]: [CrazyVouchers] Cannot extract folder spellenchant.yml to plugins/CrazyVouchers/vouchers, because it already exists @ plugins/CrazyVouchers/vouchers/spellenchant.yml.
[18:59:48] [Server thread/INFO]: [CrazyVouchers] Cannot extract folder vipultra5.yml to plugins/CrazyVouchers/vouchers, because it already exists @ plugins/CrazyVouchers/vouchers/vipultra5.yml.
[18:59:48] [Server thread/INFO]: [CrazyVouchers] Cannot extract folder 5000.yml to plugins/CrazyVouchers/vouchers, because it already exists @ plugins/CrazyVouchers/vouchers/5000.yml.
[18:59:48] [Server thread/INFO]: [CrazyVouchers] Cannot extract folder cash500.yml to plugins/CrazyVouchers/vouchers, because it already exists @ plugins/CrazyVouchers/vouchers/cash500.yml.
[18:59:48] [Server thread/INFO]: [CrazyVouchers] Cannot extract folder rareenchant.yml to plugins/CrazyVouchers/vouchers, because it already exists @ plugins/CrazyVouchers/vouchers/rareenchant.yml.
[18:59:48] [Server thread/INFO]: [CrazyVouchers] Cannot extract folder vipimmortal3.yml to plugins/CrazyVouchers/vouchers, because it already exists @ plugins/CrazyVouchers/vouchers/vipimmortal3.yml.
[18:59:48] [Server thread/INFO]: [CrazyVouchers] Successfully deleted path plugins/CrazyVouchers/examples/vouchers/PlayerHead.yml, re-generating the examples later.
[18:59:48] [Server thread/INFO]: [CrazyVouchers] Successfully deleted path plugins/CrazyVouchers/examples/vouchers/Example.yml, re-generating the examples later.
[18:59:48] [Server thread/INFO]: [CrazyVouchers] Successfully deleted path plugins/CrazyVouchers/examples/vouchers/Example-Arg.yml, re-generating the examples later.
[18:59:48] [Server thread/INFO]: [CrazyVouchers] Successfully deleted path plugins/CrazyVouchers/examples/vouchers.yml, re-generating the examples later.
[18:59:48] [Server thread/INFO]: [CrazyVouchers] Successfully deleted path plugins/CrazyVouchers/examples/vouchers, re-generating the examples later.
[18:59:48] [Server thread/INFO]: [CrazyVouchers] Successfully deleted path plugins/CrazyVouchers/examples/users.yml, re-generating the examples later.
[18:59:48] [Server thread/INFO]: [CrazyVouchers] Successfully deleted path plugins/CrazyVouchers/examples/locale/en-US.yml, re-generating the examples later.
[18:59:48] [Server thread/INFO]: [CrazyVouchers] Successfully deleted path plugins/CrazyVouchers/examples/locale, re-generating the examples later.
[18:59:48] [Server thread/INFO]: [CrazyVouchers] Successfully deleted path plugins/CrazyVouchers/examples/data.yml, re-generating the examples later.
[18:59:48] [Server thread/INFO]: [CrazyVouchers] Successfully deleted path plugins/CrazyVouchers/examples/config.yml, re-generating the examples later.
[18:59:48] [Server thread/INFO]: [CrazyVouchers] Successfully deleted path plugins/CrazyVouchers/examples/codes/Starter-Money.yml, re-generating the examples later.
[18:59:48] [Server thread/INFO]: [CrazyVouchers] Successfully deleted path plugins/CrazyVouchers/examples/codes.yml, re-generating the examples later.
[18:59:48] [Server thread/INFO]: [CrazyVouchers] Successfully deleted path plugins/CrazyVouchers/examples/codes, re-generating the examples later.
[18:59:48] [Server thread/INFO]: [CrazyVouchers] Successfully deleted path plugins/CrazyVouchers/examples, re-generating the examples later.
[18:59:48] [Server thread/INFO]: [CrazyVouchers] Cannot extract codes.yml to plugins/CrazyVouchers/examples/codes.yml, because it already exists.
[18:59:48] [Server thread/INFO]: [CrazyVouchers] Cannot extract vouchers.yml to plugins/CrazyVouchers/examples/vouchers.yml, because it already exists.
[18:59:48] [Server thread/INFO]: [CrazyVouchers] Done (34.411s)
[18:59:48] [Server thread/INFO]: [PetNameFix] Enabling PetNameFix v1.0.3
[18:59:48] [Server thread/INFO]: [MyCommand] Enabling MyCommand v5.7.5
[18:59:48] [Server thread/INFO]: *-=-=-=-=-=-=-=-=-* MyCommand v.5.7.5*-=-=-=-=-=-=-=-=-=-*
[18:59:48] [Server thread/INFO]: | Hooked on Vault 1.7.3-b131
[18:59:48] [Server thread/INFO]: | Command file(s) found : 1
[18:59:48] [Server thread/INFO]: | Config : Ready.
[18:59:48] [Server thread/INFO]: | ProtocolLib found, features availables (SignMenu)
[18:59:48] [Server thread/INFO]: [PlaceholderAPI] Successfully registered internal expansion: mycommand [1.0.0]
[18:59:48] [Server thread/INFO]: | Placeholder_API : Hooked, Ok.
[18:59:48] [Server thread/INFO]: | Custom commands loaded : 9
[18:59:49] [Server thread/INFO]: | You're running the latest version of MyCommand.
[18:59:49] [Server thread/INFO]: | Can't load images to be applied on custom maps
[18:59:49] [Server thread/INFO]: |          by emmerrei a.k.a. ivanfromitaly.           
[18:59:49] [Server thread/INFO]: *-=-=-=-=-=-=-=-=-=-*   Done!   *-=-=-=-=-=-=-=-=-=-=-*
[18:59:49] [Server thread/INFO]: [AntiWorldFly] Enabling AntiWorldFly v2.5.4
[18:59:49] [Server thread/INFO]: [AntiWorldFly] Registering listeners...
[18:59:49] [Thread-52/INFO]: [AntiWorldFly] Checking for plugin update...
[18:59:49] [Server thread/INFO]: [AntiWorldFly] Plugin successfully enabled and ready to run! Took 10ms.
[18:59:49] [Server thread/INFO]: [NameTags] Enabling NameTags v1.5.9-commit-2cc1f69
[18:59:49] [Server thread/INFO]: [NameTags] Using default behaviour from the config file.
[18:59:49] [Server thread/INFO]: [NameTags] Using LEGACY as text formatter.
[18:59:49] [Server thread/INFO]: [sleep-most] Enabling sleep-most v5.7.0
[18:59:49] [Server thread/INFO]: SleepMost Loaded module: me.mrgeneralq.sleepmost.paper.PaperModule
[18:59:49] [Server thread/INFO]: SleepMost Loaded module: me.mrgeneralq.sleepmost.spigot.SpigotModule
[18:59:49] [Server thread/INFO]: [sleep-most] Hooked to PlaceholderAPI
[18:59:49] [Server thread/INFO]: [sleep-most] Hooked to GSit
[18:59:49] [Server thread/INFO]: [sleep-most] Hooked to Essentials
[18:59:49] [Server thread/INFO]: [sleep-most] GSit hook detected and registered GSit event listener
[18:59:49] [Server thread/INFO]: [PlaceholderAPI] Successfully registered internal expansion: sleepmost [5.7.0]
[18:59:49] [Server thread/INFO]: [MCPets] Enabling MCPets v4.1.5-SNAPSHOT
[18:59:49] [Server thread/INFO]: [MCPets] : Language file reloaded.
[18:59:49] [Server thread/INFO]: [MCPets] : Blacklist file reloaded.
[18:59:49] [Server thread/INFO]: Loading pets... 
[18:59:49] [Server thread/INFO]:   - B_Pet_Necromancer_Cat_Fire_Mage loaded succesfully.
[18:59:49] [Server thread/INFO]:   - Sky_Serpent_Jade loaded succesfully.
[18:59:49] [Server thread/INFO]:   - E_Pet_Shark_Oceanic loaded succesfully.
[18:59:49] [Server thread/INFO]:   - B_Pet_Necromancer_Cat_Necromancer loaded succesfully.
[18:59:49] [Server thread/INFO]:   - D_Pet_Samurai_Shiba_Samurai loaded succesfully.
[18:59:49] [Server thread/INFO]:   - Hippogryph_Common loaded succesfully.
[18:59:49] [Server thread/INFO]:   - E_Pet_Shark_Baby_Shark loaded succesfully.
[18:59:49] [Server thread/INFO]:   - Pet_Fire_Dragon_Fire loaded succesfully.
[18:59:49] [Server thread/INFO]:   - A_Pet_Griffon_Khonsu loaded succesfully.
[18:59:49] [Server thread/INFO]:   - B_Pet_Necromancer_Cat_Santa loaded succesfully.
[18:59:49] [Server thread/INFO]:   - Pet_Unicorn_Heavenly loaded succesfully.
[18:59:49] [Server thread/INFO]:   - E_Pet_Shark_Chef loaded succesfully.
[18:59:49] [Server thread/INFO]:   - C_Pet_Outlaw_Steampunk loaded succesfully.
[18:59:49] [Server thread/INFO]:   - Basilisk_Wild loaded succesfully.
[18:59:49] [Server thread/INFO]:   - C_Pet_Outlaw_Wild_West loaded succesfully.
[18:59:49] [Server thread/INFO]:   - A_Pet_Griffon_Ra loaded succesfully.
[18:59:49] [Server thread/INFO]:   - Pet_Frog_Green loaded succesfully.
[18:59:49] [Server thread/INFO]:   - Stag_Rune loaded succesfully.
[18:59:49] [Server thread/INFO]:   - A_Pet_Griffon_Phoenix loaded succesfully.
[18:59:49] [Server thread/INFO]:   - C_Pet_Outlaw_Cyborg loaded succesfully.
[18:59:49] [Server thread/INFO]:   - D_Pet_Samurai_Shiba_Samurai_Bamboo loaded succesfully.
[18:59:49] [Server thread/INFO]:   - E_Pet_Shark_Dragonborn loaded succesfully.
[18:59:49] [Server thread/INFO]:   - A_Pet_Griffon_Rockstar loaded succesfully.
[18:59:49] [Server thread/INFO]:   - D_Pet_Samurai_Shiba_Samurai_Pirate loaded succesfully.
[18:59:49] [Server thread/INFO]:   - A_Pet_Griffon_Griffon loaded succesfully.
[18:59:49] [Server thread/INFO]:   - D_Pet_Samurai_Shiba_Samurai_New_Year loaded succesfully.
[18:59:49] [Server thread/INFO]:   - Pet_Knight_Castle loaded succesfully.
[18:59:49] [Server thread/INFO]:   - Pet_Cacti_Desert loaded succesfully.
[18:59:49] [Server thread/INFO]:   - C_Pet_Outlaw_Officer loaded succesfully.
[18:59:49] [Server thread/INFO]:   - Raptor_Red loaded succesfully.
[18:59:49] [Server thread/INFO]:   - B_Pet_Necromancer_Cat_Ice_Mage loaded succesfully.
[18:59:49] [Server thread/INFO]: [MCPets] : 31 pets registered successfully !
[18:59:49] [Server thread/INFO]: [MCPets] : 0 categories registered successfully !
[18:59:49] [Server thread/ERROR]: [MCPets] Could not reach SQL database. Please configure your database parameters.
[18:59:49] [Server thread/INFO]: [MCPets] [Database] Can't initialize MySQL.
[18:59:49] [Server thread/INFO]: [MCPets] [Database] Will be using YAML support instead (no worry it's not a bug).
[18:59:49] [Server thread/INFO]: -=-=-=-= MCPets loaded =-=-=-=-
[18:59:49] [Server thread/INFO]:       Plugin made by Nocsy     
[18:59:49] [Server thread/INFO]: -=-=-=-= -=-=-=-=-=-=- =-=-=-=-
[18:59:49] [Server thread/INFO]: -=- Launching Flags -=-
[18:59:49] [Server thread/INFO]: [MCPets] : Starting flag mcpets-dismount.
[18:59:49] [Server thread/INFO]: [MCPets] : Starting flag mcpets-despawn.
[18:59:49] [Server thread/INFO]: [MCPets] : Starting flag mcpets-dismount-flying.
[18:59:49] [Server thread/INFO]: 3 flags launched.
[18:59:49] [Server thread/INFO]: [BlockedCmds] Enabling BlockedCmds v2.1.4*
[18:59:49] [Server thread/INFO]: ======== Enabling BlockedCmds... ========
[18:59:49] [Server thread/INFO]: ======== ENABLED BlockedCmds (3ms) ========
[18:59:49] [Server thread/INFO]: [AfkPool] Enabling AfkPool v2.1.0
[18:59:49] [Server thread/INFO]: [AfkPool] AfkPool Version 2.1.0 enabled.
[18:59:49] [Server thread/INFO]: [ExcellentCrates] Enabling ExcellentCrates v6.6.1
[18:59:49] [Server thread/INFO]: [ExcellentCrates] Powered by nightcore
[18:59:49] [Server thread/INFO]: [com.zaxxer.hikari.HikariDataSource] ExcellentCratesPool - Starting...
[18:59:49] [Server thread/INFO]: [com.zaxxer.hikari.pool.HikariPool] ExcellentCratesPool - Added connection org.sqlite.jdbc4.JDBC4Connection@431b944c
[18:59:49] [Server thread/INFO]: [com.zaxxer.hikari.HikariDataSource] ExcellentCratesPool - Start completed.
[18:59:49] [Server thread/INFO]: [ExcellentCrates] Loaded 6 crate openings.
[18:59:49] [Server thread/INFO]: [ExcellentCrates] Loaded 9 crate keys.
[18:59:49] [Server thread/INFO]: [ExcellentCrates] Loaded 5 rarities!
[18:59:49] [Server thread/ERROR]: [nightcore] Invalid material 'null'. Found in '/home/container/plugins/ExcellentCrates/previews/default.yml' -> 'Content.close.Item'.
[18:59:50] [Server thread/INFO]: [ExcellentCrates] Loaded 8 crates.
[18:59:50] [Server thread/INFO]: [PlaceholderAPI] Successfully registered internal expansion: excellentcrates [6.6.1]
[18:59:50] [Server thread/INFO]: [ExcellentCrates] Plugin loaded in 1044 ms!
[18:59:50] [Server thread/INFO]: [Coins] Enabling Coins v1.13.1
[18:59:50] [Server thread/INFO]: [Coins] Vault is used as the economy provider.
[18:59:50] [Server thread/INFO]: [Coins] Initialized in 18ms.
[18:59:50] [Server thread/INFO]: [DropXP] Enabling DropXP v1.3.1
[18:59:50] [Server thread/INFO]: [WorldGuardExtraFlags] Enabling WorldGuardExtraFlags v4.2.4-SNAPSHOT
[18:59:50] [Server thread/INFO]: [WorldGuard] Registering session handler net.goldtreeservers.worldguardextraflags.wg.handlers.TeleportOnEntryFlagHandler
[18:59:50] [Server thread/INFO]: [WorldGuard] Registering session handler net.goldtreeservers.worldguardextraflags.wg.handlers.TeleportOnExitFlagHandler
[18:59:50] [Server thread/INFO]: [WorldGuard] Registering session handler net.goldtreeservers.worldguardextraflags.wg.handlers.WalkSpeedFlagHandler
[18:59:50] [Server thread/INFO]: [WorldGuard] Registering session handler net.goldtreeservers.worldguardextraflags.wg.handlers.FlySpeedFlagHandler
[18:59:50] [Server thread/INFO]: [WorldGuard] Registering session handler net.goldtreeservers.worldguardextraflags.wg.handlers.FlyFlagHandler
[18:59:50] [Server thread/INFO]: [WorldGuard] Registering session handler net.goldtreeservers.worldguardextraflags.wg.handlers.GlideFlagHandler
[18:59:50] [Server thread/INFO]: [WorldGuard] Registering session handler net.goldtreeservers.worldguardextraflags.wg.handlers.GodmodeFlagHandler
[18:59:50] [Server thread/INFO]: [WorldGuard] Registering session handler net.goldtreeservers.worldguardextraflags.wg.handlers.PlaySoundsFlagHandler
[18:59:50] [Server thread/INFO]: [WorldGuard] Registering session handler net.goldtreeservers.worldguardextraflags.wg.handlers.BlockedEffectsFlagHandler
[18:59:50] [Server thread/INFO]: [WorldGuard] Registering session handler net.goldtreeservers.worldguardextraflags.wg.handlers.GiveEffectsFlagHandler
[18:59:50] [Server thread/INFO]: [WorldGuard] Registering session handler net.goldtreeservers.worldguardextraflags.wg.handlers.CommandOnEntryFlagHandler
[18:59:50] [Server thread/INFO]: [WorldGuard] Registering session handler net.goldtreeservers.worldguardextraflags.wg.handlers.CommandOnExitFlagHandler
[18:59:50] [Server thread/INFO]: [WorldGuard] Registering session handler net.goldtreeservers.worldguardextraflags.wg.handlers.ConsoleCommandOnEntryFlagHandler
[18:59:50] [Server thread/INFO]: [WorldGuard] Registering session handler net.goldtreeservers.worldguardextraflags.wg.handlers.ConsoleCommandOnExitFlagHandler
[18:59:50] [Server thread/WARN]: [WorldGuardExtraFlags] "WorldGuardExtraFlags v4.2.4-SNAPSHOT" has registered a listener for org.spigotmc.event.player.PlayerSpawnLocationEvent on method "public void net.goldtreeservers.worldguardextraflags.listeners.PlayerListener.onPlayerSpawnLocationEvent(org.spigotmc.event.player.PlayerSpawnLocationEvent)", but the event is Deprecated. "Listening to this event causes the player to be created early. Using the player from this event will result in undefined behavior. Prefer AsyncPlayerSpawnLocationEvent."; please notify the authors [isokissa3].
[18:59:50] [Server thread/INFO]: [AbsolutEvents] Enabling AbsolutEvents v1.0.0
[18:59:50] [Server thread/INFO]: [AbsolutEvents] Iniciando plugin...
[18:59:50] [Server thread/WARN]: [AbsolutEvents] Could not save league.yml to plugins/AbsolutEvents/league.yml because league.yml already exists.
[18:59:50] [Server thread/INFO]: [AbsolutEvents] Sistema de liga carregado com sucesso!
[18:59:50] [Server thread/INFO]: [PlaceholderAPI] Successfully registered internal expansion: absolutevents [1.0.0]
[18:59:50] [Server thread/INFO]: [AbsolutEvents] PlaceholderAPIHook registrado com sucesso.
[18:59:50] [Server thread/INFO]: [AbsolutEvents] InventoryAPI iniciada com sucesso via enable(Plugin).
[18:59:50] [Server thread/INFO]: [AbsolutEvents] Plugin iniciado com sucesso!
[18:59:50] [Server thread/INFO]: [ChatGames-Premium] Enabling ChatGames-Premium v1.9.9
[18:59:50] [pool-17-thread-1/WARN]: [Coins] ------------------------------------------------------------------
[18:59:50] [pool-17-thread-1/WARN]: [Coins]   Detected an outdated version of Coins (1.13.1 is installed).
[18:59:50] [pool-17-thread-1/WARN]: [Coins]   The latest version is 1.14, released on April 14, 2026.
[18:59:50] [pool-17-thread-1/WARN]: [Coins]   Download: https://www.spigotmc.org/resources/coins.33382/
[18:59:50] [pool-17-thread-1/WARN]: [Coins] ------------------------------------------------------------------
[18:59:50] [ForkJoinPool.commonPool-worker-4/INFO]: [AbsolutEvents] Você já está usando a versão mais recente do plugin.
[18:59:50] [Server thread/INFO]: [com.zaxxer.hikari.HikariDataSource] ChatGamesHikariPool - Starting...
[18:59:50] [Server thread/INFO]: [com.zaxxer.hikari.HikariDataSource] ChatGamesHikariPool - Start completed.
[18:59:50] [Server thread/INFO]: [ChatGames-Premium] Connected to the database successfully.
[18:59:50] [Server thread/INFO]: [PlaceholderAPI] Successfully registered internal expansion: chatgames [1.0.0]
[18:59:50] [Server thread/INFO]: [ChatGames-Premium] PlaceholderAPI Hooked!
[18:59:50] [Server thread/INFO]: [EZColors] Enabling EZColors v2.2.6
[18:59:51] [ReadingThread/INFO]: [com.morelaid.streamingmodule.external.twitch4j.chat.TwitchChat] Connecting to Twitch IRC wss://irc-ws.chat.twitch.tv:443
[18:59:51] [ReadingThread/INFO]: [com.morelaid.streamingmodule.external.twitch4j.pubsub.TwitchPubSub] Connected to Twitch PubSub wss://pubsub-edge.twitch.tv:443
[18:59:53] [Server thread/INFO]: EZColors »  Successfully downloaded 12 languages from the cloud!
[18:59:53] [Server thread/INFO]: EZColors »  Loading EZColors v2.2.6!
[18:59:53] [Server thread/INFO]: EZColors »  Found a compatible version. Hooking into V1_21_R1!
[18:59:53] [Server thread/INFO]: EZColors »  Using HIGHEST as the Chat Listener.
[18:59:53] [Server thread/INFO]: EZColors »  Found PlaceholderAPI. Loading hook!
[18:59:53] [Server thread/INFO]: [PlaceholderAPI] Successfully registered internal expansion: ezcolors [1.0.0]
[18:59:53] [Server thread/INFO]: EZColors »  Successfully Loaded EZColors v2.2.6 in 2475ms!
[18:59:53] [Server thread/INFO]: [Hyperstones] Enabling Hyperstones v1.7.6.2
[18:59:53] [Server thread/INFO]: [HyperStones] Cleared cache from old data.
[18:59:53] [Server thread/INFO]: [HyperStones] Initializing chances
[18:59:53] [Server thread/INFO]: [HyperStones] Initializing item lore info
[18:59:53] [Server thread/INFO]: [HyperStones] Initializing disabled items
[18:59:53] [Server thread/INFO]: [HyperStones] Failed to load EXAMPLE_ITEM: No enum constant org.bukkit.Material.EXAMPLE_ITEM
[18:59:53] [Server thread/INFO]: [HyperStones] Initializing enabled items
[18:59:53] [Server thread/INFO]: [HyperStones] ------Armors------
[18:59:53] [Server thread/INFO]: [HyperStones] Enabled CARVED_PUMPKIN
[18:59:53] [Server thread/INFO]: [HyperStones] Enabled DIAMOND_HELMET
[18:59:53] [Server thread/INFO]: [HyperStones] Enabled DIAMOND_CHESTPLATE
[18:59:53] [Server thread/INFO]: [HyperStones] Enabled DIAMOND_LEGGINGS
[18:59:53] [Server thread/INFO]: [HyperStones] Enabled DIAMOND_BOOTS
[18:59:53] [Server thread/INFO]: [HyperStones] Enabled IRON_HELMET
[18:59:53] [Server thread/INFO]: [HyperStones] Enabled IRON_CHESTPLATE
[18:59:53] [Server thread/INFO]: [HyperStones] Enabled IRON_LEGGINGS
[18:59:53] [Server thread/INFO]: [HyperStones] Enabled IRON_BOOTS
[18:59:53] [Server thread/INFO]: [HyperStones] Enabled LEATHER_HELMET
[18:59:53] [Server thread/INFO]: [HyperStones] Enabled LEATHER_CHESTPLATE
[18:59:53] [Server thread/INFO]: [HyperStones] Enabled LEATHER_LEGGINGS
[18:59:53] [Server thread/INFO]: [HyperStones] Enabled LEATHER_BOOTS
[18:59:53] [Server thread/INFO]: [HyperStones] Enabled CHAINMAIL_HELMET
[18:59:53] [Server thread/INFO]: [HyperStones] Enabled CHAINMAIL_CHESTPLATE
[18:59:53] [Server thread/INFO]: [HyperStones] Enabled CHAINMAIL_LEGGINGS
[18:59:53] [Server thread/INFO]: [HyperStones] Enabled CHAINMAIL_BOOTS
[18:59:53] [Server thread/INFO]: [HyperStones] Enabled GOLDEN_HELMET
[18:59:53] [Server thread/INFO]: [HyperStones] Enabled GOLDEN_CHESTPLATE
[18:59:53] [Server thread/INFO]: [HyperStones] Enabled GOLDEN_LEGGINGS
[18:59:53] [Server thread/INFO]: [HyperStones] Enabled GOLDEN_BOOTS
[18:59:53] [Server thread/INFO]: [HyperStones] ------Weapons------
[18:59:53] [Server thread/INFO]: [HyperStones] Enabled BOW
[18:59:53] [Server thread/INFO]: [HyperStones] Enabled DIAMOND_SWORD
[18:59:53] [Server thread/INFO]: [HyperStones] Enabled IRON_SWORD
[18:59:53] [Server thread/INFO]: [HyperStones] Enabled GOLDEN_SWORD
[18:59:53] [Server thread/INFO]: [HyperStones] Enabled STONE_SWORD
[18:59:53] [Server thread/INFO]: [HyperStones] Enabled WOODEN_SWORD
[18:59:53] [Server thread/INFO]: [HyperStones] Enabled DIAMOND_AXE
[18:59:53] [Server thread/INFO]: [HyperStones] Enabled IRON_AXE
[18:59:53] [Server thread/INFO]: [HyperStones] Enabled GOLDEN_AXE
[18:59:53] [Server thread/INFO]: [HyperStones] Enabled STONE_AXE
[18:59:53] [Server thread/INFO]: [HyperStones] Enabled WOODEN_AXE
[18:59:53] [Server thread/INFO]: [HyperStones] ------Tools------
[18:59:53] [Server thread/INFO]: [HyperStones] Enabled DIAMOND_HOE
[18:59:53] [Server thread/INFO]: [HyperStones] Enabled IRON_HOE
[18:59:53] [Server thread/INFO]: [HyperStones] Enabled GOLDEN_HOE
[18:59:53] [Server thread/INFO]: [HyperStones] Enabled STONE_HOE
[18:59:53] [Server thread/INFO]: [HyperStones] Enabled WOODEN_HOE
[18:59:53] [Server thread/INFO]: [HyperStones] Enabled DIAMOND_SHOVEL
[18:59:53] [Server thread/INFO]: [HyperStones] Enabled IRON_SHOVEL
[18:59:53] [Server thread/INFO]: [HyperStones] Enabled GOLDEN_SHOVEL
[18:59:53] [Server thread/INFO]: [HyperStones] Enabled STONE_SHOVEL
[18:59:53] [Server thread/INFO]: [HyperStones] Enabled WOODEN_SHOVEL
[18:59:53] [Server thread/INFO]: [HyperStones] Enabled DIAMOND_PICKAXE
[18:59:53] [Server thread/INFO]: [HyperStones] Enabled IRON_PICKAXE
[18:59:53] [Server thread/INFO]: [HyperStones] Enabled GOLDEN_PICKAXE
[18:59:53] [Server thread/INFO]: [HyperStones] Enabled STONE_PICKAXE
[18:59:53] [Server thread/INFO]: [HyperStones] Enabled WOODEN_PICKAXE
[18:59:53] [Server thread/INFO]: [HyperStones] Enabled TRIDENT
[18:59:53] [Server thread/INFO]: [HyperStones] Enabled CROSSBOW
[18:59:53] [Server thread/INFO]: [HyperStones] Enabled NETHERITE_SWORD
[18:59:53] [Server thread/INFO]: [HyperStones] Enabled NETHERITE_AXE
[18:59:53] [Server thread/INFO]: [HyperStones] Enabled NETHERITE_HOE
[18:59:53] [Server thread/INFO]: [HyperStones] Enabled NETHERITE_SHOVEL
[18:59:53] [Server thread/INFO]: [HyperStones] Enabled NETHERITE_PICKAXE
[18:59:53] [Server thread/INFO]: [HyperStones] Enabled NETHERITE_HELMET
[18:59:53] [Server thread/INFO]: [HyperStones] Enabled NETHERITE_CHESTPLATE
[18:59:53] [Server thread/INFO]: [HyperStones] Enabled NETHERITE_LEGGINGS
[18:59:53] [Server thread/INFO]: [HyperStones] Enabled NETHERITE_BOOTS
[18:59:53] [Server thread/INFO]: [HyperStones] Enabled MACE
[18:59:53] [Server thread/INFO]: [HyperStones] Loading Mobs drop chances
[18:59:53] [Server thread/INFO]: [HyperStones] Loaded DEFAULT
[18:59:53] [Server thread/INFO]: [HyperStones] Loaded PIG
[18:59:53] [Server thread/INFO]: [HyperStones] Loading Blocks drop chances
[18:59:53] [Server thread/INFO]: [HyperStones] Loaded DEFAULT
[18:59:53] [Server thread/INFO]: [HyperStones] Loaded GRASS_BLOCK
[18:59:53] [Server thread/INFO]: [HyperStones] Loading per-level-chances
[18:59:53] [Server thread/INFO]: [HyperStones] Loaded chances for level 1
[18:59:53] [Server thread/INFO]: [HyperStones] Loaded chances for level 2
[18:59:53] [Server thread/INFO]: [HyperStones] Loaded chances for level 3
[18:59:53] [Server thread/INFO]: [HyperStones] Loaded chances for level 4
[18:59:53] [Server thread/INFO]: [HyperStones] Loaded chances for level 5
[18:59:53] [Server thread/INFO]: [HyperStones] Loaded chances for level 6
[18:59:53] [Server thread/INFO]: [HyperStones] Loaded chances for level 7
[18:59:53] [Server thread/INFO]: [HyperStones] Loaded chances for level 8
[18:59:53] [Server thread/INFO]: [HyperStones] Loaded chances for level 9
[18:59:53] [Server thread/INFO]: [HyperStones] Loaded chances for level 10
[18:59:53] [Server thread/INFO]: [HyperStones] Loaded chances for level 11
[18:59:53] [Server thread/INFO]: [HyperStones] Loaded chances for level 12
[18:59:53] [Server thread/INFO]: [HyperStones] Initializing particle levels
[18:59:53] [Server thread/INFO]: [HyperStones] Warning, custom upgrade levels for stones are not set, all stones will be set to 1 upgrade level.
[18:59:53] [Server thread/INFO]: [HyperStones] Loading lang.yml
[18:59:53] [Server thread/INFO]: [HyperStones] Loading blacklist.yml
[18:59:53] [Server thread/INFO]: [HyperStones] Loading lore_history.yml
[18:59:53] [Server thread/INFO]: [HyperStones] Loading masteries.yml
[18:59:53] [Server thread/INFO]: [HyperStones] Disabled masteries system.
[18:59:53] [Server thread/INFO]: [HyperStones] Vault plugin hooked, economy features are now enabled.
[18:59:53] [Server thread/INFO]: [HyperStones] ItemsAdder plugin hooked.
[18:59:53] [Server thread/INFO]: [HyperStones] Plugin loaded in 69ms.
[18:59:53] [Server thread/INFO]: [VoiceChatPlaceholders] Enabling VoiceChatPlaceholders v1.1
[18:59:53] [Server thread/INFO]: [VoiceChatPlaceholders] VoiceChatPlaceholders has successfully registered with VoiceChat!
[18:59:53] [Server thread/INFO]: [PlaceholderAPI] Successfully registered internal expansion: vcicon [1.0]
[18:59:53] [Server thread/INFO]: [PixelVip] Enabling PixelVip v3.1.0
[18:59:53] [Server thread/INFO]: [PixelVip] Init config module...
[18:59:54] [Server thread/INFO]: [PixelVip] Init utils module...
[18:59:54] [Server thread/INFO]: [PixelVip] Init essentials module...
[18:59:54] [Server thread/INFO]: [PixelVip] Essentials found. Hooked!
[18:59:54] [Server thread/INFO]: [PixelVip] Init economy module...
[18:59:54] [Server thread/INFO]: [PixelVip] -> Vault found. Hooked.
[18:59:54] [Server thread/INFO]: [PixelVip] Init commands module...
[18:59:54] [Server thread/INFO]: [PixelVip] Init scheduler module...
[18:59:54] [Server thread/INFO]: [PixelVip] Reloading tasks...
[18:59:54] [Server thread/INFO]: [PixelVip] -> Task started
[18:59:54] [Server thread/INFO]: [PlaceholderAPI] Successfully registered internal expansion: pixelvip [3.1.0]
[18:59:54] [Server thread/INFO]: [PixelVip] -> PlaceHolderAPI found. Hooked.
[18:59:54] [Server thread/INFO]: [PixelVip] We have 14 active Vips on mysql
[18:59:54] [Server thread/INFO]: [PixelVip] PixelVip enabled!
[18:59:54] [Server thread/INFO]: [PixelVip] Metrics enabled! See our stats here: https://bstats.org/plugin/bukkit/PixelVip
[18:59:54] [Server thread/INFO]: [AlonsoTags] Enabling AlonsoTags v2.3-BETA
[18:59:54] [Server thread/INFO]: [AlonsoTags] Max health Attribute check found. Using it..
[18:59:54] [Server thread/INFO]: [AlonsoTags] Inventory title with support for more than 32 characters. Skipping..
[18:59:54] [Server thread/INFO]: [AlonsoTags] Hex colors are available! Ready for RGB..
[18:59:54] [Server thread/INFO]: [AlonsoTags] Old constructor for HoverEvent found! Using it..
[18:59:54] [Server thread/INFO]: [AlonsoTags] New sendTitle method found! Using it..
[18:59:54] [Server thread/INFO]: [AlonsoTags] New setUnbreakable method found! Using it..
[18:59:54] [Server thread/INFO]: [AlonsoTags] New isUnbreakable method found! Using it..
[18:59:54] [Server thread/INFO]:     _   _                 _____              Running v2.3-BETA
[18:59:54] [Server thread/INFO]:    /_\ | |___ _ _  ___ __|_   _|_ _ __ _ ___ Server Paper v1.21.11-128-1fdbce1 (MC: 1.21.11)
[18:59:54] [Server thread/INFO]:   / _ \| / _ \ ' \(_-</ _ \| |/ _` / _` (_-< Discord for support: https://alonsoaliaga.com/discord
[18:59:54] [Server thread/INFO]:  /_/ \_\_\___/_||_/__/\___/|_|\__,_\__, /__/ Thanks for using my plugin ❤!
[18:59:54] [Server thread/INFO]:           Developed by AlonsoAliaga |___/
[18:59:54] [Server thread/INFO]: 
[18:59:54] [Server thread/INFO]: ==============================================================================================
[18:59:54] [Server thread/INFO]: [AlonsoTags] You are using a Paper fork (Paper), plugin should work fine!
[18:59:54] [Server thread/INFO]: [AlonsoTags] If you have issues, join us on our official support server on alonsoaliaga.com/discord
[18:59:54] [Server thread/INFO]: ==============================================================================================
[18:59:54] [Server thread/INFO]: 
[18:59:54] [Server thread/INFO]: [AlonsoTags] BungeeCord action bar available. Hooking..
[18:59:54] [Server thread/INFO]: [AlonsoTags] ProtocolLib found! Checking..
[18:59:54] [Server thread/INFO]: [Auto-update] Configuration is up-to-date!
[18:59:54] [Server thread/INFO]: [AlonsoTags] [HikariCP] Using com.mysql.cj.jdbc.MysqlDataSource for source class name..
[18:59:54] [Server thread/INFO]: [AlonsoTags] [SQLite] Attempting to create 'alonsotags' table..
[18:59:54] [Server thread/INFO]: [SQLite] Connecting to database 'database-alonsotags.db'!
[18:59:54] [Server thread/INFO]: [SQLite] Driver available: SQLite JDBC | 3.49.1
[18:59:54] [Server thread/INFO]: [SQLite] Successfully connected to database!
[18:59:54] [Server thread/INFO]: [AlonsoTags] [SQLite] Table 'alonsotags' has been created if didn't exist.
[18:59:54] [Server thread/INFO]: [AlonsoTags] Column called 'purchased_tags' already exists. Skipping..
[18:59:54] [Server thread/INFO]: [AlonsoTags] Database found! Everything is working as expected :)
[18:59:54] [Server thread/INFO]: [AlonsoTags] Successfully loaded 1 books!
[18:59:54] [Server thread/INFO]: [AlonsoTags] Old ItemStack constructor is available!
[18:59:54] [Server thread/INFO]: [AlonsoTags] SkullMeta#setOwningPlayer method is available for heads.
[18:59:54] [Server thread/INFO]: [AlonsoTags] SkullMeta#setOwner method is available for heads.
[18:59:54] [Server thread/INFO]: [AlonsoTags] SkullMeta#setOwnerProfile method is available for heads. Using it for heads..
[18:59:54] [Server thread/INFO]: [AlonsoTags] New setUnbreakable method found! Using it..
[18:59:54] [Server thread/INFO]: [AlonsoTags] New setOwningPlayer method is available!
[18:59:54] [Server thread/INFO]: [AlonsoTags] Old Bukkit#getOfflinePlayer(String name) method is available!
[18:59:54] [Server thread/INFO]: [AlonsoTags] New isUnbreakable method found! Using it..
[18:59:54] [Server thread/INFO]: [AlonsoTags] Vault found! Hooking..
[18:59:54] [Server thread/INFO]: [AlonsoTags] Config files are (re)loading.. Timestamp: Negative | Negative
[18:59:54] [Server thread/INFO]: [AlonsoTags] Loading 'blastoise' tag..
[18:59:54] [Server thread/INFO]: [AlonsoTags] Loading 'bulbasaur' tag..
[18:59:54] [Server thread/INFO]: [AlonsoTags] Loading 'charmander' tag..
[18:59:54] [Server thread/INFO]: [AlonsoTags] Loading 'clefairy' tag..
[18:59:54] [Server thread/INFO]: [AlonsoTags] Loading 'dragonclaw' tag..
[18:59:54] [Server thread/INFO]: [AlonsoTags] Loading 'eevee' tag..
[18:59:54] [Server thread/INFO]: [AlonsoTags] Loading 'gengar' tag..
[18:59:54] [Server thread/INFO]: [AlonsoTags] Loading 'gyarados' tag..
[18:59:54] [Server thread/INFO]: [AlonsoTags] Loading 'hunge' tag..
[18:59:54] [Server thread/INFO]: [AlonsoTags] Loading 'lucario' tag..
[18:59:54] [Server thread/INFO]: [AlonsoTags] Loading 'mewtwo' tag..
[18:59:54] [Server thread/INFO]: [AlonsoTags] Loading 'pikachu' tag..
[18:59:54] [Server thread/INFO]: [AlonsoTags] Loading 'rayquasa' tag..
[18:59:54] [Server thread/INFO]: [AlonsoTags] Loading 'snorlax' tag..
[18:59:54] [Server thread/INFO]: [AlonsoTags] Loading 'squirtle' tag..
[18:59:54] [Server thread/INFO]: [AlonsoTags] Loading 'giyu' tag..
[18:59:54] [Server thread/INFO]: [AlonsoTags] Loading 'himejima' tag..
[18:59:54] [Server thread/INFO]: [AlonsoTags] Loading 'iguro' tag..
[18:59:54] [Server thread/INFO]: [AlonsoTags] Loading 'inosuke' tag..
[18:59:54] [Server thread/INFO]: [AlonsoTags] Loading 'kyojuro' tag..
[18:59:54] [Server thread/INFO]: [AlonsoTags] Loading 'muichiro' tag..
[18:59:54] [Server thread/INFO]: [AlonsoTags] Loading 'nezuko' tag..
[18:59:54] [Server thread/INFO]: [AlonsoTags] Loading 'oni' tag..
[18:59:54] [Server thread/INFO]: [AlonsoTags] Loading 'sanemi' tag..
[18:59:54] [Server thread/INFO]: [AlonsoTags] Loading 'sem' tag..
[18:59:54] [Server thread/INFO]: [AlonsoTags] Loading 'shinobu' tag..
[18:59:54] [Server thread/INFO]: [AlonsoTags] Loading 'tanjiro' tag..
[18:59:54] [Server thread/INFO]: [AlonsoTags] Loading 'tengen' tag..
[18:59:54] [Server thread/INFO]: [AlonsoTags] Loading 'zenitsu' tag..
[18:59:54] [Server thread/INFO]: [AlonsoTags] Loading 'anya' tag..
[18:59:54] [Server thread/INFO]: [AlonsoTags] Loading 'becky' tag..
[18:59:54] [Server thread/INFO]: [AlonsoTags] Loading 'bond' tag..
[18:59:54] [Server thread/INFO]: [AlonsoTags] Loading 'damian' tag..
[18:59:54] [Server thread/INFO]: [AlonsoTags] Loading 'donovan' tag..
[18:59:54] [Server thread/INFO]: [AlonsoTags] Loading 'emile' tag..
[18:59:54] [Server thread/INFO]: [AlonsoTags] Loading 'ewen' tag..
[18:59:54] [Server thread/INFO]: [AlonsoTags] Loading 'fiona' tag..
[18:59:54] [Server thread/INFO]: [AlonsoTags] Loading 'franky' tag..
[18:59:54] [Server thread/INFO]: [AlonsoTags] Loading 'henry' tag..
[18:59:54] [Server thread/INFO]: [AlonsoTags] Loading 'sylvia' tag..
[18:59:54] [Server thread/INFO]: [AlonsoTags] Loading 'loid' tag..
[18:59:54] [Server thread/INFO]: [AlonsoTags] Loading 'yor' tag..
[18:59:54] [Server thread/INFO]: [AlonsoTags] Loading 'yorcasual' tag..
[18:59:54] [Server thread/INFO]: [AlonsoTags] Loading 'yuri' tag..
[18:59:54] [Server thread/INFO]: [AlonsoTags] Loading 'aki' tag..
[18:59:54] [Server thread/INFO]: [AlonsoTags] Loading 'bomb' tag..
[18:59:54] [Server thread/INFO]: [AlonsoTags] Loading 'chainsawman' tag..
[18:59:54] [Server thread/INFO]: [AlonsoTags] Loading 'ghostdevil' tag..
[18:59:54] [Server thread/INFO]: [AlonsoTags] Loading 'himeno' tag..
[18:59:54] [Server thread/INFO]: [AlonsoTags] Loading 'katanaman' tag..
[18:59:54] [Server thread/INFO]: [AlonsoTags] Loading 'kobeni' tag..
[18:59:54] [Server thread/INFO]: [AlonsoTags] Loading 'pochita' tag..
[18:59:54] [Server thread/INFO]: [AlonsoTags] Loading 'power' tag..
[18:59:54] [Server thread/INFO]: [AlonsoTags] Loading 'reze' tag..
[18:59:54] [Server thread/INFO]: [AlonsoTags] Loading 'sawatari' tag..
[18:59:54] [Server thread/INFO]: [AlonsoTags] Loading 'sharkfiend' tag..
[18:59:54] [Server thread/INFO]: [AlonsoTags] Loading 'annie' tag..
[18:59:54] [Server thread/INFO]: [AlonsoTags] Loading 'bestialtitan' tag..
[18:59:54] [Server thread/INFO]: [AlonsoTags] Loading 'colossaltitan' tag..
[18:59:54] [Server thread/INFO]: [AlonsoTags] Loading 'erenjovem' tag..
[18:59:54] [Server thread/INFO]: [AlonsoTags] Loading 'erentitan' tag..
[18:59:54] [Server thread/INFO]: [AlonsoTags] Loading 'erenvelho' tag..
[18:59:54] [Server thread/INFO]: [AlonsoTags] Loading 'femaletitan' tag..
[18:59:54] [Server thread/INFO]: [AlonsoTags] Loading 'jawtitan' tag..
[18:59:54] [Server thread/INFO]: [AlonsoTags] Loading 'hanji' tag..
[18:59:54] [Server thread/INFO]: [AlonsoTags] Loading 'mikasa' tag..
[18:59:54] [Server thread/INFO]: [AlonsoTags] Loading 'reiner' tag..
[18:59:54] [Server thread/INFO]: [AlonsoTags] Loading 'titanarmadura' tag..
[18:59:54] [Server thread/INFO]: [AlonsoTags] Loading 'titancarro' tag..
[18:59:54] [Server thread/INFO]: [AlonsoTags] Loading 'warhammertitan' tag..
[18:59:54] [Server thread/INFO]: [AlonsoTags] Loading 'zeke' tag..
[18:59:54] [Server thread/INFO]: [AlonsoTags] Loading 'usopp' tag..
[18:59:54] [Server thread/INFO]: [AlonsoTags] Loading 'tralfagar' tag..
[18:59:54] [Server thread/INFO]: [AlonsoTags] Loading 'tonychopper' tag..
[18:59:54] [Server thread/INFO]: [AlonsoTags] Loading 'shanks' tag..
[18:59:54] [Server thread/INFO]: [AlonsoTags] Loading 'roronoazoro' tag..
[18:59:54] [Server thread/INFO]: [AlonsoTags] Loading 'nicorobin' tag..
[18:59:54] [Server thread/INFO]: [AlonsoTags] Loading 'frankyonepiece' tag..
[18:59:54] [Server thread/INFO]: [AlonsoTags] Loading 'charlottekatakuri' tag..
[18:59:54] [Server thread/INFO]: [AlonsoTags] Loading 'brook' tag..
[18:59:54] [Server thread/INFO]: [AlonsoTags] Loading 'nami' tag..
[18:59:54] [Server thread/INFO]: [AlonsoTags] Loading 'monkeydluffy' tag..
[18:59:54] [Server thread/INFO]: [AlonsoTags] Loading 'donquixoteflamingo' tag..
[18:59:54] [Server thread/INFO]: [AlonsoTags] Loading 'boahancock' tag..
[18:59:54] [Server thread/INFO]: [AlonsoTags] Loading 'ace' tag..
[18:59:54] [Server thread/INFO]: [AlonsoTags] Loading 'sanji' tag..
[18:59:54] [Server thread/INFO]: [AlonsoTags] Loading 'guy' tag..
[18:59:54] [Server thread/INFO]: [AlonsoTags] Loading 'hinata' tag..
[18:59:54] [Server thread/INFO]: [AlonsoTags] Loading 'itachi' tag..
[18:59:54] [Server thread/INFO]: [AlonsoTags] Loading 'jiraya' tag..
[18:59:54] [Server thread/INFO]: [AlonsoTags] Loading 'kakashi' tag..
[18:59:54] [Server thread/INFO]: [AlonsoTags] Loading 'madara' tag..
[18:59:54] [Server thread/INFO]: [AlonsoTags] Loading 'nagato' tag..
[18:59:54] [Server thread/INFO]: [AlonsoTags] Loading 'naruto' tag..
[18:59:54] [Server thread/INFO]: [AlonsoTags] Loading 'obito' tag..
[18:59:54] [Server thread/INFO]: [AlonsoTags] Loading 'orochimaru' tag..
[18:59:54] [Server thread/INFO]: [AlonsoTags] Loading 'hashirama' tag..
[18:59:54] [Server thread/INFO]: [AlonsoTags] Loading 'sakura' tag..
[18:59:54] [Server thread/INFO]: [AlonsoTags] Loading 'sasuke' tag..
[18:59:54] [Server thread/INFO]: [AlonsoTags] Loading 'shikamaru' tag..
[18:59:54] [Server thread/INFO]: [AlonsoTags] Loading 'tsunade' tag..
[18:59:54] [Server thread/INFO]: [AlonsoTags] Successfully loaded 101 tags!
[18:59:54] [Server thread/INFO]: [AlonsoTags] PlaceholderAPI found! Hooking..
[18:59:54] [Server thread/INFO]: [PlaceholderAPI] Successfully registered internal expansion: alonsotags [2.3-BETA]
[18:59:54] [Server thread/INFO]: [AlonsoTags] Bungee messaging system is allowed in this server. Enabling..
[18:59:54] [Server thread/INFO]: [Rankup] Enabling Rankup v3.14.4
[18:59:54] [Server thread/INFO]: [PlaceholderAPI] Successfully registered internal expansion: rankup [3.14.4]
[18:59:54] [Server thread/INFO]: [Elevators] Enabling Elevators v5.0.0-beta.19
[18:59:54] [Server thread/INFO]: 
  _____ _               _                  
 | ____| | _____   ___ | |_ ___  _ __ ___      Version: 5.0.0-beta.19
 |  _| | |/ _ \ \ / / \| __/ _ \| '__/ __|     PAPER 1.21.11-128-1fdbce1 (MC: 1.21.11)
 | |___| |  __/\ V / Λ \ || (_) | |  \__ \     Java Version:21.0.10
 |_____|_|\___| \_/_/ \_\__\___/|_|  |___/     OS: Linux 6.8.0-31-generic
                                            
[18:59:54] [ForkJoinPool.commonPool-worker-1/INFO]: [HyperStones] Your version of HyperStones is up to date (1.7.6.2)
[18:59:54] [Server thread/INFO]: [[1m[31mElevators[0m] Plugin enabled. Took 198ms
[18:59:54] [Server thread/INFO]: [[1m[31mElevators[0m] 	Metrics enabled. Took 11ms
[18:59:54] [Server thread/INFO]: [[1m[31mElevators[0m] 	Services enabled. Took 28ms
[18:59:54] [Server thread/INFO]: [[1m[31mElevators[0m] 		Action service enabled. Took 9ms
[18:59:54] [Server thread/INFO]: [[1m[31mElevators[0m] 		Data Container service enabled. Took 0ms
[18:59:54] [Server thread/INFO]: [[1m[31mElevators[0m] 		Effect service enabled. Took 0ms
[18:59:54] [Server thread/INFO]: [[1m[31mElevators[0m] 		Hologram service enabled. Took 0ms
[18:59:54] [Server thread/INFO]: [[1m[31mElevators[0m] 		Hook service enabled. Took 0ms
[18:59:54] [Server thread/INFO]: [[1m[31mElevators[0m] 		Listener service enabled. Took 7ms
[18:59:54] [Server thread/INFO]: [[1m[31mElevators[0m] 		Obstruction service enabled. Took 0ms
[18:59:54] [Server thread/INFO]: [[1m[31mElevators[0m] 		Recipe service enabled. Took 0ms
[18:59:54] [Server thread/INFO]: [[1m[31mElevators[0m] 		Setting service enabled. Took 9ms
[18:59:54] [Server thread/INFO]: [[1m[31mElevators[0m] 			Registered 15 settings. Took 8ms
[18:59:54] [Server thread/INFO]: [[1m[31mElevators[0m] 		Type service enabled. Took 0ms
[18:59:54] [Server thread/INFO]: [[1m[31mElevators[0m] 		Update service enabled. Took 0ms
[18:59:54] [Server thread/INFO]: [[1m[31mElevators[0m] 		Version service enabled. Took 1ms
[18:59:54] [Server thread/INFO]: [[1m[31mElevators[0m] 	Elevators loaded. Took 138ms
[18:59:54] [Server thread/INFO]: [[1m[31mElevators[0m] 		Config loaded. Took 44ms
[18:59:54] [Server thread/INFO]: [[1m[31mElevators[0m] 		Registered 3 effects. Took 46ms
[18:59:54] [Server thread/INFO]: [[1m[31mElevators[0m] 		Registered 1 recipe groups. (16 recipes) Took 39ms
[18:59:54] [Server thread/INFO]: [[1m[31mElevators[0m] 		Registered and loaded 1 elevator types. Took 1ms
[18:59:54] [Server thread/INFO]: [[1m[31mElevators[0m] 	Hooks built. Took 9ms
[18:59:54] [Server thread/INFO]: [[1m[31mElevators[0m] 		Hooked into RedProtect. Took 2ms
[18:59:54] [Server thread/INFO]: [[1m[31mElevators[0m] 		Hooked into DecentHolograms. Took 1ms
[18:59:54] [Server thread/INFO]: [[1m[31mElevators[0m] 		Hooked into PlaceholderAPI. Took 0ms
[18:59:54] [Server thread/INFO]: [[1m[31mElevators[0m] 		Hooked into ItemsAdder. Took 1ms
[18:59:54] [Server thread/INFO]: [[1m[31mElevators[0m] 			ItemsAdder has been hooked, however has not finished loading yet. Waiting for ItemsAdder Data Load.
[18:59:54] [Server thread/INFO]: [DeluxeMenus] Enabling DeluxeMenus v1.14.1-Release
[18:59:54] [Server thread/INFO]: [DeluxeMenus] Successfully hooked into PlaceholderAPI!
[18:59:54] [Server thread/INFO]: [DeluxeMenus] Successfully hooked into Vault!
[18:59:54] [Server thread/INFO]: [DeluxeMenus] 33 GUI menus loaded!
[18:59:54] [Server thread/INFO]: [PlaceholderAPI] Successfully registered internal expansion: deluxemenus [1.14.1-Release]
[18:59:54] [Server thread/INFO]: [DeluxeMenus] You are running the latest version of DeluxeMenus!
[18:59:54] [Server thread/INFO]: [ajLeaderboards] Enabling ajLeaderboards v2.10.1
[18:59:54] [ReadingThread/INFO]: [com.morelaid.streamingmodule.external.twitch4j.chat.TwitchChat] Connecting to Twitch IRC wss://irc-ws.chat.twitch.tv:443
[18:59:54] [Server thread/INFO]: [ajLeaderboards] Using H2 flatfile for board cache. (h2)
[18:59:54] [Server thread/INFO]: [ajLeaderboards] Loaded 3 boards
[18:59:54] [Server thread/INFO]: [PlaceholderAPI] Successfully registered internal expansion: ajlb [2.10.1]
[18:59:54] [Server thread/INFO]: [ajLeaderboards] PAPI placeholders successfully registered!
[18:59:54] [Server thread/INFO]: [ajLeaderboards] ajLeaderboards v2.10.1 by ajgeiss0702 enabled!
[18:59:54] [Server thread/INFO]: [PergaminhosMC] Enabling PergaminhosMC v1.1.0
[18:59:54] [Server thread/INFO]: [UltimateAutoRestart] Enabling UltimateAutoRestart v2025.12
[18:59:54] [Server thread/INFO]: [UltimateAutoRestart] 2025.12, a free resource by Norska - Thanks for downloading!
[18:59:54] [Server thread/INFO]: [UltimateAutoRestart] Join www.norska.dev/discord/ for support!
[18:59:54] [Server thread/INFO]: [UltimateAutoRestart] Attempting hooks...
[18:59:55] [Server thread/INFO]: [AxSellwands] Enabling AxSellwands v1.13.0
[18:59:55] [ReadingThread/INFO]: [com.morelaid.streamingmodule.external.twitch4j.pubsub.TwitchPubSub] Connected to Twitch PubSub wss://pubsub-edge.twitch.tv:443
[18:59:55] [Server thread/INFO]: [AxSellwands] Hooked into Vault!
[18:59:55] [Server thread/INFO]: [AxSellwands] Hooked into ShopGUIPlus!
[18:59:55] [Server thread/INFO]: [PlaceholderAPI] Successfully registered internal expansion: axsellwands [1.0.0]
[18:59:55] [Server thread/INFO]: [AxSellwands] Hooked into WorldGuard!
[18:59:55] [Server thread/INFO]: [AxSellwands] Loaded plugin!
[18:59:55] [Server thread/INFO]: [AxTrade] Enabling AxTrade v1.23.0
[18:59:55] [Server thread/INFO]: [AxTrade] Hooked into Vault!
[18:59:55] [Server thread/INFO]: [AxTrade] Hooked into PlayerPoints!
[18:59:55] [Server thread/INFO]: [AxTrade] Loaded plugin!
[18:59:55] [Server thread/INFO]: [PlaceholderAPI] Successfully registered internal expansion: axtrade [1.23.0]
[18:59:55] [Server thread/INFO]: [Quests] Enabling Quests v3.16.1-430c34a
[18:59:55] [Server thread/INFO]: [Quests] Running server scheduler: FoliaServerScheduler
[18:59:55] [Server thread/INFO]: [Quests] Initialising storage provider 'yaml'
[18:59:55] [Server thread/INFO]: [Quests] Your server is running version 1.21
[18:59:55] [Server thread/INFO]: [Quests] Metrics started. This can be disabled at /plugins/bStats/config.yml.
[18:59:55] [Server thread/INFO]: [AnvilUnlocker] Enabling AnvilUnlocker v1.1.2
[18:59:55] [Server thread/INFO]: [LeaguesVP] Enabling LeaguesVP v1.2.4
[18:59:55] [Server thread/INFO]: [PlaceholderAPI] Successfully registered internal expansion: leaguesvp [1.2.4]
[18:59:55] [Server thread/INFO]: [SimpleClans] [ACF] Enabled Asynchronous Tab Completion Support!
[18:59:55] [Server thread/INFO]: [SimpleClans] Registering 12 command contexts...
[18:59:55] [Server thread/INFO]: [SimpleClans] Registering 15 base commands...
[18:59:55] [Server thread/INFO]: [SimpleClans] Registering 32 command conditions...
[18:59:55] [Server thread/INFO]: [SimpleClans] Registering 19 command completions...
[18:59:56] [Server thread/INFO]: [LeaguesVP] ===================================================
[18:59:56] [Server thread/INFO]: [LeaguesVP] =                    LeaguesVP                    =
[18:59:56] [Server thread/INFO]: [LeaguesVP] =                    by Voper                     =
[18:59:56] [Server thread/INFO]: [LeaguesVP] =                Discord -> _voper                =
[18:59:56] [Server thread/INFO]: [LeaguesVP] ===================================================
[18:59:56] [Server thread/INFO]: [DeluxeFireballs] Enabling DeluxeFireballs v2.2*
[18:59:56] [Server thread/INFO]: [HolidayHunt] Enabling HolidayHunt v2.6.2
[18:59:56] [Server thread/INFO]: [HolidayHunt] HolidayHunt loaded with mode CHRISTMAS!
[18:59:56] [Server thread/INFO]: [PlaceholderAPI] Successfully registered internal expansion: HolidayHunt [1.0.0]
[18:59:56] [Server thread/INFO]: [HolidayHunt] Hooked into PlaceholderAPI!
[18:59:56] [Server thread/INFO]: [PlayerWarps] Enabling PlayerWarps v7.10.0
[18:59:56] [Server thread/INFO]: [PlayerWarps] This plugin is licensed to Dhouglas (745156) from Spigot!
[18:59:56] [Server thread/INFO]: [PlayerWarps] Vault found, now enabling PlayerWarps...
[18:59:57] [pool-197-thread-1/INFO]: [ajLeaderboards] You are up to date! (2.10.1)
[18:59:57] [ReadingThread/INFO]: [com.morelaid.streamingmodule.external.twitch4j.chat.TwitchChat] Connecting to Twitch IRC wss://irc-ws.chat.twitch.tv:443
[18:59:57] [Server thread/INFO]: [PlayerWarps] Found 26 config files to load!
[18:59:58] [ReadingThread/INFO]: [com.morelaid.streamingmodule.external.twitch4j.pubsub.TwitchPubSub] Connected to Twitch PubSub wss://pubsub-edge.twitch.tv:443
[18:59:58] [pool-186-thread-5/INFO]: [com.netflix.config.DynamicPropertyFactory] DynamicPropertyFactory is initialized with configuration sources: com.netflix.config.ConcurrentCompositeConfiguration@1d92c7be
[19:00:00] [Server thread/INFO]: [PlayerWarps] Permissions plugin found! (LuckPerms)
[19:00:00] [Server thread/INFO]: [PlayerWarps] Economy plugin found! (EssentialsX Economy)
[19:00:00] [Server thread/INFO]: [PlayerWarps] Chat plugin found! (LuckPerms)
[19:00:00] [Server thread/INFO]: [PlayerWarps] Found PlaceholderAPI integrating support...
[19:00:00] [Server thread/INFO]: [PlayerWarps] Found XP Currency integrating support...
[19:00:00] [Server thread/INFO]: [PlayerWarps] Found Item Currency integrating support...
[19:00:00] [Server thread/INFO]: [PlayerWarps] Found Vault Currency integrating support...
[19:00:00] [Server thread/INFO]: [PlayerWarps] Found Essentials Expansion integrating support...
[19:00:00] [Server thread/INFO]: [PlayerWarps] SQLite database is enabling...
[19:00:00] [Server thread/INFO]: [PlayerWarps] Loading Metrics...
[19:00:00] [Server thread/INFO]: [PlayerWarps] Successfully loaded Metrics!
[19:00:00] [Server thread/INFO]: [ItsMyConfig] Enabling ItsMyConfig v4.3.0
[19:00:00] [Server thread/INFO]: [ItsMyConfig] Loading ItsMyConfig...
[19:00:00] [ReadingThread/INFO]: [com.morelaid.streamingmodule.external.twitch4j.chat.TwitchChat] Connecting to Twitch IRC wss://irc-ws.chat.twitch.tv:443
[19:00:00] [Server thread/INFO]: [PlaceholderAPI] Successfully registered internal expansion: imc [4.3.0]
[19:00:00] [Server thread/INFO]: [PlaceholderAPI] Successfully registered internal expansion: itsmyconfig [4.3.0]
[19:00:01] [Server thread/INFO]: [ItsMyConfig] Using packet serializer: JSON_SERIALIZER
[19:00:01] [Server thread/INFO]: [ItsMyConfig] Loaded all 21 Placeholders in 32ms
[19:00:01] [Server thread/INFO]: [ItsMyConfig] Using packet listener: PacketEvents
[19:00:01] [Server thread/INFO]: [ItsMyConfig] Using packet listener: PacketEvents
[19:00:01] [packetevents-update-check-thread/INFO]: [packetevents] Checking for updates, please wait...
[19:00:01] [Server thread/INFO]: [ItsMyConfig] ItsMyConfig loaded in 255ms
[19:00:01] [Server thread/INFO]: [CLV] Enabling CyberLevels v0.5.9
[19:00:01] [Server thread/INFO]: [CLV] §d―――――――――――――――――――――――――――――――――――――――――――――――
[19:00:01] [Server thread/INFO]: [CLV] §d╭━━━╮§7╱╱╱§d╭╮§7╱╱╱╱╱╱§d╭╮§7╱╱╱╱╱╱╱╱╱╱╱§d╭╮
[19:00:01] [Server thread/INFO]: [CLV] §d┃╭━╮┃§7╱╱╱§d┃┃§7╱╱╱╱╱╱§d┃┃§7╱╱╱╱╱╱╱╱╱╱╱§d┃┃
[19:00:01] [Server thread/INFO]: [CLV] §d┃┃§7╱§d╰╋╮§7╱§d╭┫╰━┳━━┳━┫┃§7╱╱§d╭━━┳╮╭┳━━┫┃╭━━╮
[19:00:01] [Server thread/INFO]: [CLV] §d┃┃§7╱§d╭┫┃§7╱§d┃┃╭╮┃┃━┫╭┫┃§7╱§d╭┫┃━┫╰╯┃┃━┫┃┃━━┫
[19:00:01] [Server thread/INFO]: [CLV] §d┃╰━╯┃╰━╯┃╰╯┃┃━┫┃┃╰━╯┃┃━╋╮╭┫┃━┫╰╋━━┃
[19:00:01] [Server thread/INFO]: [CLV] §d╰━━━┻━╮╭┻━━┻━━┻╯╰━━━┻━━╯╰╯╰━━┻━┻━━╯
[19:00:01] [Server thread/INFO]: [CLV] §7╱╱╱╱§d╭━╯┃  §7Authors: §fKihsomray, CroaBeast
[19:00:01] [Server thread/INFO]: [CLV] §7╱╱╱╱§d╰━━╯  §7Version: §f0.5.9
[19:00:01] [Server thread/INFO]: [CLV] §d―――――――――――――――――――――――――――――――――――――――――――――――
[19:00:01] [Server thread/INFO]: [CLV] 
[19:00:01] [Server thread/INFO]: [CLV] §dLoading YAML files...
[19:00:01] [Server thread/INFO]: [CLV] §7Loaded file §econfig.yml§7.
[19:00:01] [Server thread/INFO]: [CLV] §7Loaded file §elang.yml§7.
[19:00:01] [Server thread/INFO]: [CLV] §7Loaded file §elevels.yml§7.
[19:00:01] [Server thread/INFO]: [CLV] §7Loaded file §erewards.yml§7.
[19:00:01] [Server thread/INFO]: [CLV] §7Loaded file §eearn-exp.yml§7.
[19:00:01] [Server thread/INFO]: [CLV] §7Loaded file §eanti-abuse.yml§7.
[19:00:01] [Server thread/INFO]: [CLV] §7Loaded §e6§7 files in §a12ms§7.
[19:00:01] [Server thread/INFO]: [CLV] 
[19:00:01] [Server thread/INFO]: [CLV] §dLoading exp earning events...
[19:00:01] [Server thread/INFO]: [CLV] §7Loaded §e9 §7exp earn events in §a1ms§7.
[19:00:01] [Server thread/INFO]: [CLV] 
[19:00:01] [Server thread/INFO]: [CLV] §dLoading anti-abuse...
[19:00:01] [Server thread/INFO]: [CLV] §7Loaded §e2 §7anti-abuse settings in §a1ms§7.
[19:00:01] [Server thread/INFO]: [CLV] 
[19:00:01] [Server thread/INFO]: [CLV] §dLoading level data...
[19:00:01] [Server thread/INFO]: [CLV] §7Loaded §e100 §7level(s) in §a0ms§7.
[19:00:01] [Server thread/INFO]: [CLV] 
[19:00:01] [Server thread/INFO]: [CLV] §dLoading reward data...
[19:00:01] [Server thread/INFO]: [CLV] §7Loaded §e10 §7reward(s) in §a1ms§7.
[19:00:01] [Server thread/INFO]: [CLV] 
[19:00:01] [Server thread/INFO]: [PlaceholderAPI] Successfully registered internal expansion: clv [0.5.9]
[19:00:01] [Server thread/INFO]: [CLV] §7Loaded §dCLV v0.5.9§7 in §a52ms§7.
[19:00:01] [Server thread/INFO]: [CLV] §d―――――――――――――――――――――――――――――――――――――――――――――――
[19:00:01] [packetevents-update-check-thread/INFO]: [packetevents] There is an update available for PacketEvents! Your build: (2.11.1) | Latest release: (2.12.0)
[19:00:01] [Server thread/INFO]: [MobFarmManager] Enabling MobFarmManager v3.0.0.0
[19:00:01] [Server thread/INFO]: [MobFarmManager] [STDOUT] [Spigotunlocked.com] - COSMO
[19:00:01] [Server thread/WARN]: Nag author(s): '[Zrips]' of 'MobFarmManager v3.0.0.0' about their usage of System.out/err.print. Please use your plugin's logger instead (JavaPlugin#getLogger).
[19:00:01] [Server thread/INFO]: MobFarmManager Version 3.0.0.0 has been enabled
[19:00:01] [ReadingThread/INFO]: [com.morelaid.streamingmodule.external.twitch4j.pubsub.TwitchPubSub] Connected to Twitch PubSub wss://pubsub-edge.twitch.tv:443
[19:00:01] [Server thread/INFO]: [InfinityTower] Enabling InfinityTower v1.0
[19:00:01] [Server thread/INFO]: [InfinityTower] Idioma carregado: pt-BR.yml
[19:00:01] [Server thread/INFO]: [InfinityTower] &aConexão com banco iniciada: &fsqlite
[19:00:01] [Server thread/INFO]: [PlaceholderAPI] Successfully registered internal expansion: infinitytower [1.0]
[19:00:01] [Server thread/INFO]: [InfinityTower] PlaceholderAPI registrado.
[19:00:01] [Server thread/INFO]: [InfinityTower]  
[19:00:01] [Server thread/INFO]: [InfinityTower] InfinityTower iniciado com sucesso!
[19:00:01] [Server thread/INFO]: [InfinityTower] Versão: 1.0
[19:00:01] [Server thread/INFO]: [InfinityTower]  
[19:00:01] [Server thread/INFO]: [InfinityTower] Dungeons carregadas: 2
[19:00:01] [Server thread/INFO]: [PlayerAuctions] Enabling PlayerAuctions v1.33.0
[19:00:01] [Server thread/INFO]: [PlayerAuctions] Vault found, now enabling PlayerAuctions...
[19:00:02] [Server thread/INFO]: [PlayerAuctions] Found 23 config files to load!
[19:00:03] [ReadingThread/INFO]: [com.morelaid.streamingmodule.external.twitch4j.chat.TwitchChat] Connecting to Twitch IRC wss://irc-ws.chat.twitch.tv:443
[19:00:04] [WritingThread/INFO]: [com.morelaid.streamingmodule.external.twitch4j.pubsub.TwitchPubSub] Connected to Twitch PubSub wss://pubsub-edge.twitch.tv:443
[19:00:04] [Server thread/INFO]: [PlayerAuctions] Permissions plugin found! (LuckPerms)
[19:00:04] [Server thread/INFO]: [PlayerAuctions] Economy plugin found! (EssentialsX Economy)
[19:00:04] [Server thread/INFO]: [PlayerAuctions] Chat plugin found! (LuckPerms)
[19:00:04] [Server thread/INFO]: [PlayerAuctions] Found PlaceholderAPI integrating support...
[19:00:04] [Server thread/INFO]: [PlayerAuctions] Found Vault Currency integrating support...
[19:00:04] [Server thread/INFO]: [PlayerAuctions] Found Product Converter integrating support...
[19:00:04] [Server thread/INFO]: [PlayerAuctions] Found Item Currency integrating support...
[19:00:04] [Server thread/INFO]: [PlayerAuctions] SQLite database is enabling...
[19:00:04] [Server thread/INFO]: [PlayerAuctions] Loading Metrics...
[19:00:04] [Server thread/INFO]: [PlayerAuctions] Successfully loaded Metrics!
[19:00:04] [Server thread/INFO]: [Jobs] Enabling Jobs v5.2.6.5
[19:00:04] [Server thread/INFO]: ------------- Jobs -------------
[19:00:04] [Server thread/INFO]: [PlaceholderAPI] Successfully registered internal expansion: jobsr [5.2.6.5]
[19:00:04] [Server thread/INFO]: PlaceholderAPI hooked.
[19:00:04] [Server thread/INFO]: Connected to database (SqLite)
[19:00:04] [Server thread/INFO]: Loaded 8 titles
[19:00:04] [Server thread/INFO]: Loaded 2 restricted areas!
[19:00:04] [Server thread/INFO]: Loaded 69 protected blocks timers
[19:00:04] [Server thread/INFO]: Loaded 1402 custom item names
[19:00:04] [Server thread/INFO]: Loaded 81 custom entity names
[19:00:04] [Server thread/INFO]: Loaded 2 custom MythicMobs names
[19:00:04] [Server thread/INFO]: Loaded 38 custom enchant names
[19:00:04] [Server thread/INFO]: Loaded 21 custom enchant names
[19:00:04] [Server thread/INFO]: Loaded 16 custom color names
[19:00:04] [Server thread/INFO]: Update shops items icon section and use 'ItemStack' instead
[19:00:04] [Server thread/INFO]: Loaded 4 shop items
[19:00:04] [Server thread/INFO]: Update Explorer jobs gui item section to use `ItemStack` instead of `Item` sections format. More information inside _EXAMPLE job file
[19:00:04] [Server thread/INFO]: Loaded 1 quests for Explorer
[19:00:04] [Server thread/INFO]: Loaded 1 quests for Fisherman
[19:00:04] [Server thread/INFO]: Loaded 1 quests for Brewer
[19:00:04] [Server thread/INFO]: Loaded 1 quests for Miner
[19:00:04] [Server thread/INFO]: Loaded 1 quests for Builder
[19:00:04] [Server thread/INFO]: Loaded 1 quests for Farmer
[19:00:04] [Server thread/INFO]: Loaded 1 quests for Crafter
[19:00:04] [Server thread/INFO]: Loaded 1 quests for Hunter
[19:00:04] [Server thread/INFO]: Loaded 1 quests for Digger
[19:00:04] [Server thread/INFO]: Loaded 1 quests for Weaponsmith
[19:00:04] [Server thread/INFO]: Loaded 1 quests for Enchanter
[19:00:04] [Server thread/INFO]: Loaded 1 quests for Woodcutter
[19:00:04] [Server thread/INFO]: Loaded 12 jobs
[19:00:04] [Server thread/INFO]: Loaded 0 boosted items
[19:00:04] [Server thread/INFO]: Loaded 1644 furnace for reassigning.
[19:00:04] [Server thread/INFO]: Loaded 252 brewing for reassigning.
[19:00:04] [Jobs-DatabaseSaveTask/INFO]: Started database save task.
[19:00:04] [Jobs-BufferedPaymentThread/INFO]: Started buffered payment thread.
[19:00:04] [Server thread/INFO]: Duplicate in database for (awwpo_) -> (abdb6dc6-c0b9-423f-9c08-ad941ecc1bbb) <-> (d2a6d70e-5938-3994-b3df-432669975358)
[19:00:04] [Server thread/INFO]: Duplicate in database for (Ninjaay) -> (b23f1aa7-f786-4bfd-bad4-9ac3d9347891) <-> (0f52df2e-8e98-424c-bfff-bc74211ef348)
[19:00:04] [Server thread/INFO]: Duplicate in database for (_Saynt) -> (08a7552d-983b-3dba-8767-54c8514d406f) <-> (7787aa61-8de0-4b3e-b0d2-3539d5962cff)
[19:00:04] [Server thread/INFO]: Duplicate in database for (davii) -> (df614b1a-1a29-39c6-b2d0-8a28ef219d6b) <-> (f2fd65f6-c0cf-3311-b67a-0b7653a953e5)
[19:00:04] [Server thread/INFO]: Duplicate in database for (ovigil) -> (df1e906b-d62f-3952-974c-b4e65151ef87) <-> (6d2e98f7-bbb3-3a5d-a426-ace0a6ba7d68)
[19:00:04] [Server thread/INFO]: Preloaded 3236 players data in 0.02
[19:00:04] [Server thread/INFO]: WorldGuard detected.
[19:00:04] [Server thread/INFO]: MythicMobs detected.
[19:00:04] [Server thread/INFO]: PyroFishingPro detected.
[19:00:04] [Server thread/INFO]: Registering listeners...
[19:00:04] [Server thread/INFO]: Registered PyroFishingPro listener.
[19:00:04] [Server thread/INFO]: Registered MythicMobs listener.
[19:00:04] [Server thread/INFO]: Listeners registered successfully
[19:00:04] [Server thread/INFO]: Plugin has been enabled successfully.
[19:00:04] [Server thread/INFO]: ------------------------------------
[19:00:04] [Server thread/INFO]: [BetterRTP] Enabling BetterRTP v3.6.13
[19:00:04] [Server thread/INFO]: [BetterRTP] Cooldown = 300
[19:00:05] [Server thread/INFO]: [PlaceholderAPI] Successfully registered internal expansion: betterrtp [3.6.13]
[19:00:05] [Server thread/INFO]: [Codex] Enabling Codex v2.10.1
[19:00:05] [Server thread/INFO]: [WorldGuard] Registering session handler cx.ajneb97.managers.dependencies.worldguard.WorldGuardEntryManager
[19:00:05] [Server thread/INFO]: [PlaceholderAPI] Successfully registered internal expansion: codex [2.10.1]
[19:00:05] [Server thread/INFO]: [Codex] Has been enabled! Version: 2.10.1
[19:00:05] [Server thread/INFO]: [Codex] Thanks for using my plugin!   ~Ajneb97
[19:00:05] [Server thread/INFO]: [AuraMobs] Enabling AuraMobs v2.2.1
[19:00:05] [Server thread/INFO]: [AuraMobs] Loaded 4 message files
[19:00:05] [Server thread/INFO]: [AuraMobs] [ACF] Enabled Asynchronous Tab Completion Support!
[19:00:05] [Server thread/INFO]: [libreforge] Enabling libreforge v5.0.1
[19:00:05] [Server thread/INFO]: [libreforge] Loading libreforge
[19:00:05] [Server thread/INFO]: [PlaceholderAPI] Successfully registered internal expansion: libreforge [5.0.1]
[19:00:05] [Server thread/INFO]: [libreforge] Loaded integrations: AxTrade, AuraSkills, Citizens, TAB, Jobs, MythicMobs, ModelEngine, Vault, Votifier, WorldGuard
[19:00:05] [Server thread/INFO]: [libreforge] 
[19:00:05] [Server thread/INFO]: [libreforge] Hey, what's this plugin doing here? I didn't install it!
[19:00:05] [Server thread/INFO]: [libreforge] libreforge is the effects system for plugins like EcoEnchants,
[19:00:05] [Server thread/INFO]: [libreforge] EcoJobs, EcoItems, etc. If you're looking for config options for
[19:00:05] [Server thread/INFO]: [libreforge] things like cooldown messages, lrcdb, and stuff like that, you'll
[19:00:05] [Server thread/INFO]: [libreforge] find it under /plugins/libreforge
[19:00:05] [Server thread/INFO]: [libreforge] 
[19:00:05] [Server thread/INFO]: [libreforge] Don't worry about updating libreforge, it's handled automatically!
[19:00:05] [Server thread/INFO]: [libreforge] 
[19:00:05] [Server thread/INFO]: [spark] Starting background profiler...
[19:00:05] [Server thread/INFO]: [PlaceholderAPI] Placeholder expansion registration initializing...
[19:00:05] [Server thread/INFO]: [com.zaxxer.hikari.HikariDataSource] hikari-CoreTools - Starting...
[19:00:05] [Server thread/INFO]: [com.zaxxer.hikari.pool.HikariPool] hikari-CoreTools - Added connection org.sqlite.jdbc4.JDBC4Connection@2d68e52f
[19:00:05] [Server thread/INFO]: [com.zaxxer.hikari.HikariDataSource] hikari-CoreTools - Start completed.
[19:00:05] [Server thread/INFO]: [CoreTools] AuctionHouse `vanilla_example` data has been successfully loaded from MySQL/SQLite.
[19:00:05] [Server thread/INFO]: [CoreTools] AuctionHouse `mmoitems_example` data has been successfully loaded from MySQL/SQLite.
[19:00:05] [Server thread/INFO]: [CoreTools] Found and loaded data of 'e5f024fb-1bfd-3c18-8463-76747795b154' Time taken: 8ms
[19:00:06] [Server thread/INFO]: Running delayed init tasks
[19:00:06] [Craft Scheduler Thread - 9 - Essentials/INFO]: [Essentials] Buscando informações de versão...
[19:00:06] [Craft Scheduler Thread - 7 - DecentHolograms/INFO]: [DecentHolograms] Loading holograms... 
[19:00:06] [ForkJoinPool.commonPool-worker-2/INFO]: [ModelEngine] [A] 
[19:00:06] [ForkJoinPool.commonPool-worker-2/INFO]: [ModelEngine] [A] [Importing models]
[19:00:06] [Craft Scheduler Thread - 13 - ViaVersion/INFO]: [ViaVersion] Finished mapping loading, shutting down loader executor.
[19:00:06] [ForkJoinPool.commonPool-worker-2/INFO]: [ModelEngine] [A] Loading cache version: R4.0.8
[19:00:06] [Craft Scheduler Thread - 56 - PlayerAuctions/INFO]: [PlayerAuctions] Loading auction items...
[19:00:06] [Craft Scheduler Thread - 54 - PlayerWarps/INFO]: [PlayerWarps] Loading player warps...
[19:00:06] [Server thread/INFO]: [com.fastasyncworldedit.bukkit.regions.WorldGuardFeature] Plugin 'WorldGuard' found. Using it now.
[19:00:06] [Server thread/INFO]: [com.fastasyncworldedit.bukkit.FaweBukkit] Attempting to use plugin 'WorldGuard'
[19:00:06] [Craft Scheduler Thread - 7 - DecentHolograms/INFO]: [DecentHolograms] Loaded 21 holograms!
[19:00:06] [Craft Scheduler Thread - 40 - Marriage/INFO]: [Marriage] Purged 1 player entries in 20ms
[19:00:06] [Craft Scheduler Thread - 36 - ItemsAdder/INFO]: [License] Spigot product licensed to: Dhouglas (745156)
[19:00:06] [Craft Scheduler Thread - 57 - AlonsoTags/INFO]: [AlonsoTags] Checking for updates...
[19:00:06] [Craft Scheduler Thread - 57 - AlonsoTags/INFO]: [AlonsoTags] Plugin up-to-date! You have the latest version!
[19:00:06] [Craft Scheduler Thread - 37 - PinataParty/INFO]: [PinataParty] v2.69.4 is available! You are running v2.69.3!
[19:00:06] [Craft Scheduler Thread - 37 - PinataParty/INFO]: [PinataParty] Download it here: https://www.spigotmc.org/resources/59318/
[19:00:06] [Craft Scheduler Thread - 45 - AfkPool/INFO]: [AfkPool] There is not a new AfkPool update available, you are on the latest version (2.1.0).
[19:00:06] [Server thread/INFO]: [Essentials] Essentials found a compatible payment resolution method: Vault Compatibility Layer (v1.7.3-b131)!
[19:00:06] [Craft Scheduler Thread - 39 - Playtimes/INFO]: [Playtimes] [PlayTimes] Plugin is up to date! - 1.6.2b
[19:00:06] [Craft Scheduler Thread - 35 - CMILib/INFO]: New version of CMILib was detected. Please update it (1.5.8.5 -> 1.5.9.2)
[19:00:06] [pool-35-thread-6/INFO]: [ModelEngine] [A] 
[19:00:06] [pool-35-thread-6/INFO]: [ModelEngine] [A] Importing archer_hit_confirm.bbmodel.
[19:00:06] [pool-35-thread-6/WARN]: [ModelEngine] [A] --Warning: Missing hitbox.
[19:00:06] [pool-35-thread-2/INFO]: [ModelEngine] [A] Importing archer_aeroglaive_charge.bbmodel.
[19:00:06] [pool-35-thread-4/INFO]: [ModelEngine] [A] Importing archer_cyclone_shot_arrow.bbmodel.
[19:00:06] [pool-35-thread-9/INFO]: [ModelEngine] [A] 
[19:00:06] [pool-35-thread-9/INFO]: [ModelEngine] [A] Importing archer_speedboost.bbmodel.
[19:00:06] [pool-35-thread-9/WARN]: [ModelEngine] [A] --Warning: Missing hitbox.
[19:00:06] [pool-35-thread-7/INFO]: [ModelEngine] [A] Importing archer_quickshot.bbmodel.
[19:00:06] [pool-35-thread-3/INFO]: [ModelEngine] [A] 
[19:00:06] [pool-35-thread-3/INFO]: [ModelEngine] [A] Importing archer_aeroglaive_shoot.bbmodel.
[19:00:06] [pool-35-thread-3/WARN]: [ModelEngine] [A] --Warning: Missing hitbox.
[19:00:06] [pool-35-thread-10/INFO]: [ModelEngine] [A] Importing archer_volleystep.bbmodel.
[19:00:06] [pool-35-thread-3/INFO]: [ModelEngine] [A] Importing dummy.bbmodel.
[19:00:06] [Craft Scheduler Thread - 54 - PlayerWarps/INFO]: [PlayerWarps] Loaded 33 warps in 82ms.
[19:00:06] [pool-35-thread-6/INFO]: [ModelEngine] [A] Importing archer_windwalker_doublejump.bbmodel.
[19:00:06] [pool-35-thread-2/INFO]: [ModelEngine] [A] Importing archer_windwalker_glide.bbmodel.
[19:00:06] [Server thread/WARN]: [SimpleClans] Provider WorldGuardProvider not found!
java.lang.ClassNotFoundException: WorldGuardProvider
	at org.bukkit.plugin.java.PluginClassLoader.loadClass0(PluginClassLoader.java:208) ~[paper-api-1.21.11-R0.1-SNAPSHOT.jar:?]
	at org.bukkit.plugin.java.PluginClassLoader.loadClass(PluginClassLoader.java:175) ~[paper-api-1.21.11-R0.1-SNAPSHOT.jar:?]
	at java.base/java.lang.ClassLoader.loadClass(ClassLoader.java:526) ~[?:?]
	at java.base/java.lang.Class.forName0(Native Method) ~[?:?]
	at java.base/java.lang.Class.forName(Class.java:536) ~[?:?]
	at java.base/java.lang.Class.forName(Class.java:515) ~[?:?]
	at io.papermc.reflectionrewriter.runtime.AbstractDefaultRulesReflectionProxy.forName(AbstractDefaultRulesReflectionProxy.java:68) ~[reflection-rewriter-runtime-0.0.3.jar:?]
	at io.papermc.paper.pluginremap.reflect.PaperReflectionHolder.forName(Unknown Source) ~[paper-1.21.11.jar:1.21.11-128-1fdbce1]
	at SimpleClans.jar//net.sacredlabyrinth.phaed.simpleclans.managers.ProtectionManager.getProviderClass(ProtectionManager.java:287) ~[?:?]
	at SimpleClans.jar//net.sacredlabyrinth.phaed.simpleclans.managers.ProtectionManager.registerProviders(ProtectionManager.java:244) ~[?:?]
	at org.bukkit.craftbukkit.scheduler.CraftTask.run(CraftTask.java:78) ~[paper-1.21.11.jar:1.21.11-128-1fdbce1]
	at org.bukkit.craftbukkit.scheduler.CraftScheduler.mainThreadHeartbeat(CraftScheduler.java:474) ~[paper-1.21.11.jar:1.21.11-128-1fdbce1]
	at net.minecraft.server.MinecraftServer.runServer(MinecraftServer.java:1267) ~[paper-1.21.11.jar:1.21.11-128-1fdbce1]
	at net.minecraft.server.MinecraftServer.lambda$spin$2(MinecraftServer.java:388) ~[paper-1.21.11.jar:1.21.11-128-1fdbce1]
	at java.base/java.lang.Thread.run(Thread.java:1583) ~[?:?]
[19:00:06] [Server thread/WARN]: [SimpleClans] Error registering provider WorldGuard6Provider
[19:00:06] [Server thread/INFO]: [PlaceholderAPI] Successfully registered internal expansion: discordsrv [1.30.4]
[19:00:06] [pool-35-thread-5/INFO]: [ModelEngine] [A] Importing archer_cyclone_shot_whirlwind.bbmodel.
[19:00:06] [Server thread/INFO]: [PhantomSpawnControl] Enabled GameModes (Reset): [SURVIVAL, ADVENTURE]
[19:00:06] [Server thread/INFO]: [XLTournaments] Registered external objective NUVOTIFIER_VOTES using Votifier plugin.
[19:00:06] [Server thread/INFO]: [XLTournaments] Registered external objective DUELS_WINS using Duels plugin.
[19:00:06] [Server thread/INFO]: [XLTournaments] Registered external objective MYTHICMOBS_KILLS using MythicMobs plugin.
[19:00:06] [Server thread/INFO]: [XLTournaments] Registered external objective PLACEHOLDERAPI using PlaceholderAPI plugin.
[19:00:06] [Server thread/INFO]: [XLTournaments] Registered external objective ESSENTIALS_BALANCE_RECEIVE using Essentials plugin.
[19:00:06] [Server thread/INFO]: [XLTournaments] Registered external objective ESSENTIALS_BALANCE_SPEND using Essentials plugin.
[19:00:06] [Server thread/INFO]: [XLTournaments] Registered external objective EXCELLENTCRATES_OPEN using ExcellentCrates plugin.
[19:00:06] [Server thread/INFO]: [XLTournaments] Loaded 17 tournament objectives (PLACEHOLDERAPI, POTION_BREW, BLOCK_BREAK, PLAYER_CONSUME, ODAILYQUESTS_COMPLETE, EXCELLENTCRATES_OPEN, NUVOTIFIER_VOTES, DUELS_WINS, PLAYTIME, MYTHICMOBS_KILLS, PLAYER_FISH, ESSENTIALS_BALANCE_RECEIVE, MOB_KILLS, ITEM_CRAFT, BLOCK_PLACE, PLAYER_KILLS, ESSENTIALS_BALANCE_SPEND).
[19:00:06] [Server thread/INFO]: [XLTournaments] Loaded 'lumberjack_tournament' tournament.
[19:00:06] [Server thread/INFO]: [XLTournaments] Loaded 'miner_tournament' tournament.
[19:00:06] [Server thread/INFO]: [XLTournaments] Loaded 'duelswin_tournament' tournament.
[19:00:06] [Server thread/INFO]: [XLTournaments] Loaded 'absolutevents_tournament' tournament.
[19:00:06] [Server thread/INFO]: [XLTournaments] Loaded 'harvest_tournament' tournament.
[19:00:06] [pool-35-thread-8/INFO]: [ModelEngine] [A] Importing archer_rainofarrows.bbmodel.
[19:00:06] [Server thread/INFO]: [XLTournaments] Loaded 'player_kills_tournament' tournament.
[19:00:06] [Server thread/INFO]: [XLTournaments] Loaded 'playtime_tournament' tournament.
[19:00:06] [Server thread/INFO]: [XLTournaments] Loaded 'killmobs_tournament' tournament.
[19:00:06] [Server thread/INFO]: [XLTournaments] Loaded 'craftgoldenapple_tournament' tournament.
[19:00:06] [Server thread/INFO]: [XLTournaments] Loaded 'fishing_tournament' tournament.
[19:00:06] [Server thread/INFO]: [XLTournaments] Loaded 'chatgames_tournament' tournament.
[19:00:06] [Server thread/INFO]: [XLTournaments] Loaded 'foodconsume_tournament' tournament.
[19:00:06] [Server thread/INFO]: [XLTournaments] Loaded 'crateopen_tournament' tournament.
[19:00:06] [Server thread/INFO]: [XLTournaments] Loaded 'bosskill_tournament' tournament.
[19:00:06] [Server thread/INFO]: [XLTournaments] Loaded 'vote_tournament' tournament.
[19:00:06] [Server thread/INFO]: [PlaceholderAPI] Successfully registered internal expansion: xltournaments [3.17.13]
[19:00:06] [pool-35-thread-8/INFO]: [ModelEngine] [A] 
[19:00:06] [pool-35-thread-8/INFO]: [ModelEngine] [A] Importing mender_cascadebolt_impact.bbmodel.
[19:00:06] [pool-35-thread-8/WARN]: [ModelEngine] [A] --Warning: Missing hitbox.
[19:00:06] [pool-35-thread-5/INFO]: [ModelEngine] [A] 
[19:00:06] [pool-35-thread-5/INFO]: [ModelEngine] [A] Importing mender_cascadebolt.bbmodel.
[19:00:06] [pool-35-thread-5/WARN]: [ModelEngine] [A] --Warning: Missing hitbox.
[19:00:06] [pool-35-thread-5/INFO]: [ModelEngine] [A] 
[19:00:06] [pool-35-thread-5/INFO]: [ModelEngine] [A] Importing mender_cascadebolt_shoot.bbmodel.
[19:00:06] [pool-35-thread-5/WARN]: [ModelEngine] [A] --Warning: Missing hitbox.
[19:00:06] [pool-35-thread-5/INFO]: [ModelEngine] [A] 
[19:00:06] [pool-35-thread-5/INFO]: [ModelEngine] [A] Importing mender_cascadebolt_split2.bbmodel.
[19:00:06] [pool-35-thread-5/WARN]: [ModelEngine] [A] --Warning: Missing hitbox.
[19:00:06] [pool-35-thread-5/INFO]: [ModelEngine] [A] 
[19:00:06] [pool-35-thread-5/INFO]: [ModelEngine] [A] Importing mender_cascadebolt_split2_impact.bbmodel.
[19:00:06] [pool-35-thread-5/WARN]: [ModelEngine] [A] --Warning: Missing hitbox.
[19:00:06] [pool-35-thread-8/INFO]: [ModelEngine] [A] 
[19:00:06] [pool-35-thread-8/INFO]: [ModelEngine] [A] Importing mender_cascadebolt_lg.bbmodel.
[19:00:06] [pool-35-thread-8/WARN]: [ModelEngine] [A] --Warning: Missing hitbox.
[19:00:06] [pool-35-thread-5/INFO]: [ModelEngine] [A] 
[19:00:06] [pool-35-thread-5/INFO]: [ModelEngine] [A] Importing mender_lifebound.bbmodel.
[19:00:06] [pool-35-thread-5/WARN]: [ModelEngine] [A] --Warning: Missing hitbox.
[19:00:06] [pool-35-thread-1/INFO]: [ModelEngine] [A] 
[19:00:06] [pool-35-thread-1/INFO]: [ModelEngine] [A] Importing archer_aeroglaive.bbmodel.
[19:00:06] [pool-35-thread-1/WARN]: [ModelEngine] [A] --Warning: Missing hitbox.
[19:00:06] [pool-35-thread-8/INFO]: [ModelEngine] [A] 
[19:00:06] [pool-35-thread-8/INFO]: [ModelEngine] [A] Importing mender_lifeweavers_grace.bbmodel.
[19:00:06] [pool-35-thread-8/WARN]: [ModelEngine] [A] --Warning: Missing hitbox.
[19:00:06] [pool-35-thread-1/INFO]: [ModelEngine] [A] 
[19:00:06] [pool-35-thread-1/INFO]: [ModelEngine] [A] Importing mender_spiritbolt.bbmodel.
[19:00:06] [pool-35-thread-1/WARN]: [ModelEngine] [A] --Warning: Eye height is below 0. Entity might suffocate.
[19:00:06] [pool-35-thread-8/INFO]: [ModelEngine] [A] 
[19:00:06] [pool-35-thread-8/INFO]: [ModelEngine] [A] Importing mender_spiritbolt_impact.bbmodel.
[19:00:06] [pool-35-thread-8/WARN]: [ModelEngine] [A] --Warning: Missing hitbox.
[19:00:06] [pool-35-thread-9/INFO]: [ModelEngine] [A] Importing basilisk_snowstorm.bbmodel.
[19:00:06] [pool-35-thread-7/INFO]: [ModelEngine] [A] Importing basilisk_wild.bbmodel.
[19:00:06] [pool-35-thread-1/INFO]: [ModelEngine] [A] 
[19:00:06] [pool-35-thread-1/INFO]: [ModelEngine] [A] Importing mender_vital_beam.bbmodel.
[19:00:06] [pool-35-thread-1/WARN]: [ModelEngine] [A] --Warning: Missing hitbox.
[19:00:06] [pool-35-thread-10/INFO]: [ModelEngine] [A] Importing hippogryph_common.bbmodel.
[19:00:06] [pool-35-thread-6/INFO]: [ModelEngine] [A] Importing hippogryph_fallen.bbmodel.
[19:00:06] [Server thread/INFO]: [PlaceholderAPI] Successfully registered internal expansion: pw [7.10.0]
[19:00:06] [Server thread/INFO]: [PlaceholderAPI] Successfully registered internal expansion: pa [1.33.0]
[19:00:06] [Server thread/INFO]: [Jobs] Successfully linked with Vault. (Essentials)
[19:00:06] [pool-35-thread-5/INFO]: [ModelEngine] [A] 
[19:00:06] [pool-35-thread-5/INFO]: [ModelEngine] [A] Importing mender_purging_light.bbmodel.
[19:00:06] [pool-35-thread-5/WARN]: [ModelEngine] [A] --Warning: Missing hitbox.
[19:00:06] [pool-35-thread-8/INFO]: [ModelEngine] [A] Importing pet_cacti_desert.bbmodel.
[19:00:06] [Server thread/INFO]: [Jobs] Successfully linked with Vault. (LuckPerms)
[19:00:06] [pool-35-thread-3/INFO]: [ModelEngine] [A] Importing hippogryph_crystal.bbmodel.
[19:00:06] [pool-35-thread-4/INFO]: [ModelEngine] [A] Importing basilisk_obsidian.bbmodel.
[19:00:06] [pool-35-thread-2/INFO]: [ModelEngine] [A] Importing hippogryph_royal.bbmodel.
[19:00:06] [pool-35-thread-9/INFO]: [ModelEngine] [A] Importing pet_cacti_frozen.bbmodel.
[19:00:06] [pool-35-thread-8/INFO]: [ModelEngine] [A] Importing pet_frog_golden.bbmodel.
[19:00:06] [pool-35-thread-7/INFO]: [ModelEngine] [A] Importing pet_cacti_sculk.bbmodel.
[19:00:06] [Craft Scheduler Thread - 13 - ItemsAdder/INFO]: [Content] Loaded 1332 items
[19:00:06] [pool-35-thread-4/INFO]: [ModelEngine] [A] Importing pet_frog_mushroom.bbmodel.
[19:00:06] [Craft Scheduler Thread - 13 - ItemsAdder/INFO]: Used Blocks IDs:
[19:00:06] [Craft Scheduler Thread - 13 - ItemsAdder/INFO]:  - REAL 0/188
[19:00:06] [Craft Scheduler Thread - 13 - ItemsAdder/INFO]:  - REAL_NOTE 0/750
[19:00:06] [Craft Scheduler Thread - 13 - ItemsAdder/INFO]:  - REAL_TRANSPARENT 0/63
[19:00:06] [Craft Scheduler Thread - 13 - ItemsAdder/INFO]:  - FIRE 0/14
[19:00:06] [pool-35-thread-3/INFO]: [ModelEngine] [A] Importing pet_frog_green.bbmodel.
[19:00:06] [pool-35-thread-2/INFO]: [ModelEngine] [A] Importing pet_frog_nether.bbmodel.
[19:00:06] [pool-35-thread-10/INFO]: [ModelEngine] [A] Importing pet_fire_dragon_holyfire.bbmodel.
[19:00:06] [pool-35-thread-4/INFO]: [ModelEngine] [A] Importing pet_griffon_phoenix.bbmodel.
[19:00:06] [Craft Scheduler Thread - 13 - ItemsAdder/INFO]: Used Font Images: 1101/6608
[19:00:06] [Craft Scheduler Thread - 38 - Light/INFO]: There is a new update available of Light.
[19:00:06] [pool-35-thread-9/INFO]: [ModelEngine] [A] Importing pet_frog_stone.bbmodel.
[19:00:06] [pool-35-thread-6/INFO]: [ModelEngine] [A] Importing pet_fire_dragon_shadowflame.bbmodel.
[19:00:06] [pool-35-thread-1/INFO]: [ModelEngine] [A] Importing pet_fire_dragon_fire.bbmodel.
[19:00:06] [Craft Scheduler Thread - 43 - Duels/INFO]: [Duels] No updates were available. You are on the latest version!
[19:00:06] [pool-35-thread-5/INFO]: [ModelEngine] [A] Importing pet_fire_dragon_soulfire.bbmodel.
[19:00:06] [pool-35-thread-8/INFO]: [ModelEngine] [A] Importing pet_griffon_griffon.bbmodel.
[19:00:06] [pool-35-thread-7/INFO]: [ModelEngine] [A] Importing pet_griffon_khonsu.bbmodel.
[19:00:06] [pool-35-thread-10/INFO]: [ModelEngine] [A] Importing pet_knight_castle.bbmodel.
[19:00:06] [pool-35-thread-4/INFO]: [ModelEngine] [A] Importing pet_knight_ender.bbmodel.
[19:00:06] [pool-35-thread-9/INFO]: [ModelEngine] [A] Importing pet_knight_glacial.bbmodel.
[19:00:06] [pool-35-thread-3/INFO]: [ModelEngine] [A] Importing pet_griffon_ra.bbmodel.
[19:00:06] [pool-35-thread-6/INFO]: [ModelEngine] [A] Importing pet_knight_holy.bbmodel.
[19:00:06] [pool-35-thread-1/INFO]: [ModelEngine] [A] Importing pet_necromancer_cat_fire_mage.bbmodel.
[19:00:06] [pool-35-thread-2/INFO]: [ModelEngine] [A] Importing pet_griffon_rockstar.bbmodel.
[19:00:06] [pool-35-thread-5/INFO]: [ModelEngine] [A] Importing pet_necromancer_cat_ice_mage.bbmodel.
[19:00:06] [pool-35-thread-8/INFO]: [ModelEngine] [A] Importing pet_necromancer_cat_necromancer.bbmodel.
[19:00:06] [pool-35-thread-10/INFO]: [ModelEngine] [A] Importing pet_outlaw_cyborg.bbmodel.
[19:00:06] [pool-35-thread-7/INFO]: [ModelEngine] [A] Importing pet_necromancer_cat_santa.bbmodel.
[19:00:06] [pool-35-thread-4/INFO]: [ModelEngine] [A] Importing pet_outlaw_officer.bbmodel.
[19:00:06] [pool-35-thread-9/INFO]: [ModelEngine] [A] Importing pet_outlaw_steampunk.bbmodel.
[19:00:06] [pool-35-thread-3/INFO]: [ModelEngine] [A] Importing pet_outlaw_wild_west.bbmodel.
[19:00:06] [pool-35-thread-6/INFO]: [ModelEngine] [A] Importing pet_samurai_shiba_bamboo.bbmodel.
[19:00:06] [pool-35-thread-1/INFO]: [ModelEngine] [A] Importing pet_samurai_shiba_new_year.bbmodel.
[19:00:06] [pool-35-thread-9/INFO]: [ModelEngine] [A] Importing pet_unicorn_heavenly.bbmodel.
[19:00:06] [pool-35-thread-3/INFO]: [ModelEngine] [A] Importing pet_unicorn_nature.bbmodel.
[19:00:06] [pool-35-thread-2/INFO]: [ModelEngine] [A] Importing pet_samurai_shiba_pirate.bbmodel.
[19:00:06] [pool-35-thread-6/INFO]: [ModelEngine] [A] Importing pet_unicorn_rainbow.bbmodel.
[19:00:06] [pool-35-thread-1/INFO]: [ModelEngine] [A] Importing pet_unicorn_undead.bbmodel.
[19:00:06] [pool-35-thread-5/INFO]: [ModelEngine] [A] Importing pet_samurai_shiba_samurai.bbmodel.
[19:00:06] [pool-35-thread-8/INFO]: [ModelEngine] [A] Importing pet_shark_baby_shark.bbmodel.
[19:00:06] [pool-35-thread-4/INFO]: [ModelEngine] [A] Importing pet_shark_oceanic.bbmodel.
[19:00:06] [pool-35-thread-10/INFO]: [ModelEngine] [A] Importing pet_shark_chef.bbmodel.
[19:00:06] [pool-35-thread-7/INFO]: [ModelEngine] [A] Importing pet_shark_dragonborn.bbmodel.
[19:00:06] [pool-35-thread-2/INFO]: [ModelEngine] [A] Importing raptor_undead.bbmodel.
[19:00:06] [pool-35-thread-9/INFO]: [ModelEngine] [A] Importing raptor_nightmare.bbmodel.
[19:00:06] [pool-35-thread-9/INFO]: [ModelEngine] [A] 
[19:00:06] [pool-35-thread-9/INFO]: [ModelEngine] [A] Importing vfx_blood_mark.bbmodel.
[19:00:06] [pool-35-thread-9/WARN]: [ModelEngine] [A] --Warning: Missing hitbox.
[19:00:06] [pool-35-thread-9/INFO]: [ModelEngine] [A] 
[19:00:06] [pool-35-thread-9/INFO]: [ModelEngine] [A] Importing vfx_flame_shot_fire.bbmodel.
[19:00:06] [pool-35-thread-9/WARN]: [ModelEngine] [A] --Warning: Missing hitbox.
[19:00:06] [pool-35-thread-9/INFO]: [ModelEngine] [A] 
[19:00:06] [pool-35-thread-9/INFO]: [ModelEngine] [A] Importing vfx_flame_shot_holyfire.bbmodel.
[19:00:06] [pool-35-thread-9/WARN]: [ModelEngine] [A] --Warning: Missing hitbox.
[19:00:06] [pool-35-thread-6/INFO]: [ModelEngine] [A] Importing sky_serpent_jade.bbmodel.
[19:00:06] [pool-35-thread-1/INFO]: [ModelEngine] [A] Importing sky_serpent_magma.bbmodel.
[19:00:06] [pool-35-thread-1/INFO]: [ModelEngine] [A] 
[19:00:06] [pool-35-thread-1/INFO]: [ModelEngine] [A] Importing vfx_light_slash_1.bbmodel.
[19:00:06] [pool-35-thread-1/WARN]: [ModelEngine] [A] --Warning: Missing hitbox.
[19:00:06] [pool-35-thread-3/INFO]: [ModelEngine] [A] Importing raptor_red.bbmodel.
[19:00:06] [pool-35-thread-6/INFO]: [ModelEngine] [A] 
[19:00:06] [pool-35-thread-6/INFO]: [ModelEngine] [A] Importing vfx_flame_shot_soulfire.bbmodel.
[19:00:06] [pool-35-thread-6/WARN]: [ModelEngine] [A] --Warning: Missing hitbox.
[19:00:06] [pool-35-thread-9/INFO]: [ModelEngine] [A] 
[19:00:06] [pool-35-thread-9/INFO]: [ModelEngine] [A] Importing vfx_flame_shot_shadowflame.bbmodel.
[19:00:06] [pool-35-thread-9/WARN]: [ModelEngine] [A] --Warning: Missing hitbox.
[19:00:06] [pool-35-thread-8/INFO]: [ModelEngine] [A] Importing sky_serpent_spectral.bbmodel.
[19:00:06] [pool-35-thread-1/INFO]: [ModelEngine] [A] 
[19:00:06] [pool-35-thread-1/INFO]: [ModelEngine] [A] Importing vfx_light_slash_2.bbmodel.
[19:00:06] [pool-35-thread-1/WARN]: [ModelEngine] [A] --Warning: Missing hitbox.
[19:00:06] [pool-35-thread-3/INFO]: [ModelEngine] [A] 
[19:00:06] [pool-35-thread-3/INFO]: [ModelEngine] [A] Importing vfx_light_slash_3.bbmodel.
[19:00:06] [pool-35-thread-3/WARN]: [ModelEngine] [A] --Warning: Missing hitbox.
[19:00:06] [pool-35-thread-6/INFO]: [ModelEngine] [A] 
[19:00:06] [pool-35-thread-6/INFO]: [ModelEngine] [A] Importing vfx_light_slash_4.bbmodel.
[19:00:06] [pool-35-thread-6/WARN]: [ModelEngine] [A] --Warning: Missing hitbox.
[19:00:06] [pool-35-thread-4/INFO]: [ModelEngine] [A] Importing stag_demonic.bbmodel.
[19:00:06] [pool-35-thread-9/INFO]: [ModelEngine] [A] 
[19:00:06] [pool-35-thread-9/INFO]: [ModelEngine] [A] Importing vfx_light_slash_5.bbmodel.
[19:00:06] [pool-35-thread-9/WARN]: [ModelEngine] [A] --Warning: Missing hitbox.
[19:00:06] [pool-35-thread-1/INFO]: [ModelEngine] [A] 
[19:00:06] [pool-35-thread-1/INFO]: [ModelEngine] [A] Importing vfx_light_slash_7.bbmodel.
[19:00:06] [pool-35-thread-1/WARN]: [ModelEngine] [A] --Warning: Missing hitbox.
[19:00:06] [pool-35-thread-4/INFO]: [ModelEngine] [A] 
[19:00:06] [pool-35-thread-4/INFO]: [ModelEngine] [A] Importing vfx_necromancer_cat_fireball.bbmodel.
[19:00:06] [pool-35-thread-4/WARN]: [ModelEngine] [A] --Warning: Missing hitbox.
[19:00:06] [pool-35-thread-8/INFO]: [ModelEngine] [A] 
[19:00:06] [pool-35-thread-8/INFO]: [ModelEngine] [A] Importing vfx_light_slash_6.bbmodel.
[19:00:06] [pool-35-thread-8/WARN]: [ModelEngine] [A] --Warning: Missing hitbox.
[19:00:06] [pool-35-thread-5/INFO]: [ModelEngine] [A] Importing sky_serpent_solar.bbmodel.
[19:00:06] [pool-35-thread-1/INFO]: [ModelEngine] [A] 
[19:00:06] [pool-35-thread-1/INFO]: [ModelEngine] [A] Importing vfx_necromancer_cat_iceball.bbmodel.
[19:00:06] [pool-35-thread-1/WARN]: [ModelEngine] [A] --Warning: Missing hitbox.
[19:00:06] [pool-35-thread-3/INFO]: [ModelEngine] [A] 
[19:00:06] [pool-35-thread-3/INFO]: [ModelEngine] [A] Importing vfx_light_slash_8.bbmodel.
[19:00:06] [pool-35-thread-3/WARN]: [ModelEngine] [A] --Warning: Missing hitbox.
[19:00:06] [pool-35-thread-6/INFO]: [ModelEngine] [A] 
[19:00:06] [pool-35-thread-6/INFO]: [ModelEngine] [A] Importing vfx_light_slash_9.bbmodel.
[19:00:06] [pool-35-thread-6/WARN]: [ModelEngine] [A] --Warning: Missing hitbox.
[19:00:06] [pool-35-thread-9/INFO]: [ModelEngine] [A] 
[19:00:06] [pool-35-thread-9/INFO]: [ModelEngine] [A] Importing vfx_necromancer_cat_gift.bbmodel.
[19:00:06] [pool-35-thread-9/WARN]: [ModelEngine] [A] --Warning: Missing hitbox.
[19:00:06] [pool-35-thread-4/INFO]: [ModelEngine] [A] 
[19:00:06] [pool-35-thread-4/INFO]: [ModelEngine] [A] Importing vfx_necromancer_cat_skull.bbmodel.
[19:00:06] [pool-35-thread-4/WARN]: [ModelEngine] [A] --Warning: Missing hitbox.
[19:00:06] [pool-35-thread-5/INFO]: [ModelEngine] [A] 
[19:00:06] [pool-35-thread-5/INFO]: [ModelEngine] [A] Importing vfx_pet_pierce_2.bbmodel.
[19:00:06] [pool-35-thread-5/WARN]: [ModelEngine] [A] --Warning: Missing hitbox.
[19:00:06] [pool-35-thread-1/INFO]: [ModelEngine] [A] 
[19:00:06] [pool-35-thread-1/INFO]: [ModelEngine] [A] Importing vfx_pet_pierce_3.bbmodel.
[19:00:06] [pool-35-thread-1/WARN]: [ModelEngine] [A] --Warning: Missing hitbox.
[19:00:06] [pool-35-thread-8/INFO]: [ModelEngine] [A] 
[19:00:06] [pool-35-thread-8/INFO]: [ModelEngine] [A] Importing vfx_pet_pierce_1.bbmodel.
[19:00:06] [pool-35-thread-8/WARN]: [ModelEngine] [A] --Warning: Missing hitbox.
[19:00:06] [pool-35-thread-1/INFO]: [ModelEngine] [A] 
[19:00:06] [pool-35-thread-1/INFO]: [ModelEngine] [A] Importing vfx_red_target.bbmodel.
[19:00:06] [pool-35-thread-1/WARN]: [ModelEngine] [A] --Warning: Missing hitbox.
[19:00:06] [pool-35-thread-10/INFO]: [ModelEngine] [A] Importing stag_heavenly.bbmodel.
[19:00:06] [pool-35-thread-6/INFO]: [ModelEngine] [A] 
[19:00:06] [pool-35-thread-6/INFO]: [ModelEngine] [A] Importing vfx_pet_pierce_5.bbmodel.
[19:00:06] [pool-35-thread-6/WARN]: [ModelEngine] [A] --Warning: Missing hitbox.
[19:00:06] [pool-35-thread-3/INFO]: [ModelEngine] [A] 
[19:00:06] [pool-35-thread-3/INFO]: [ModelEngine] [A] Importing vfx_pet_pierce_4.bbmodel.
[19:00:06] [pool-35-thread-3/WARN]: [ModelEngine] [A] --Warning: Missing hitbox.
[19:00:06] [pool-35-thread-9/INFO]: [ModelEngine] [A] 
[19:00:06] [pool-35-thread-9/INFO]: [ModelEngine] [A] Importing vfx_pet_pierce_6.bbmodel.
[19:00:06] [pool-35-thread-9/WARN]: [ModelEngine] [A] --Warning: Missing hitbox.
[19:00:06] [pool-35-thread-4/INFO]: [ModelEngine] [A] 
[19:00:06] [pool-35-thread-4/INFO]: [ModelEngine] [A] Importing vfx_pet_pierce_7.bbmodel.
[19:00:06] [pool-35-thread-4/WARN]: [ModelEngine] [A] --Warning: Missing hitbox.
[19:00:06] [pool-35-thread-5/INFO]: [ModelEngine] [A] 
[19:00:06] [pool-35-thread-5/INFO]: [ModelEngine] [A] Importing vfx_pet_pierce_8.bbmodel.
[19:00:06] [pool-35-thread-5/WARN]: [ModelEngine] [A] --Warning: Missing hitbox.
[19:00:06] [pool-35-thread-6/INFO]: [ModelEngine] [A] Importing internal_fire.bbmodel.
[19:00:06] [pool-35-thread-9/INFO]: [ModelEngine] [A] Importing collectiblesvol1_breastplate_trail.bbmodel.
[19:00:06] [pool-35-thread-8/INFO]: [ModelEngine] [A] 
[19:00:06] [pool-35-thread-8/INFO]: [ModelEngine] [A] Importing vfx_spike_shield_desert.bbmodel.
[19:00:06] [pool-35-thread-8/WARN]: [ModelEngine] [A] --Warning: Missing hitbox.
[19:00:06] [pool-35-thread-4/INFO]: [ModelEngine] [A] Importing collectiblesvol1_breastplate_trail_ball.bbmodel.
[19:00:06] [pool-35-thread-5/INFO]: [ModelEngine] [A] Importing collectiblesvol1_breastplate_trail_ball1.bbmodel.
[19:00:06] [pool-35-thread-6/INFO]: [ModelEngine] [A] Importing collectiblesvol1_breastplate_trail_ball2.bbmodel.
[19:00:06] [pool-35-thread-1/INFO]: [ModelEngine] [A] 
[19:00:06] [pool-35-thread-1/INFO]: [ModelEngine] [A] Importing vfx_spike_shield_frozen.bbmodel.
[19:00:06] [pool-35-thread-1/WARN]: [ModelEngine] [A] --Warning: Missing hitbox.
[19:00:06] [pool-35-thread-10/INFO]: [ModelEngine] [A] 
[19:00:06] [pool-35-thread-10/INFO]: [ModelEngine] [A] Importing vfx_spike_shield_sculk.bbmodel.
[19:00:06] [pool-35-thread-10/WARN]: [ModelEngine] [A] --Warning: Missing hitbox.
[19:00:06] [pool-35-thread-9/INFO]: [ModelEngine] [A] Importing collectiblesvol1_breastplate_trail_ball3.bbmodel.
[19:00:06] [pool-35-thread-8/INFO]: [ModelEngine] [A] Importing collectiblesvol1_breastplate_trail_line.bbmodel.
[19:00:06] [pool-35-thread-5/INFO]: [ModelEngine] [A] Importing collectiblesvol1_breastplate_trail_line2.bbmodel.
[19:00:06] [pool-35-thread-4/INFO]: [ModelEngine] [A] Importing collectiblesvol1_breastplate_trail_line1.bbmodel.
[19:00:06] [pool-35-thread-6/INFO]: [ModelEngine] [A] Importing collectiblesvol1_breastplate_trail_line3.bbmodel.
[19:00:06] [pool-35-thread-3/INFO]: [ModelEngine] [A] 
[19:00:06] [pool-35-thread-3/INFO]: [ModelEngine] [A] Importing collectiblesvol1_breastplate_proc.bbmodel.
[19:00:06] [pool-35-thread-3/WARN]: [ModelEngine] [A] --Warning: Eye height is below 0. Entity might suffocate.
[19:00:06] [pool-35-thread-8/INFO]: [ModelEngine] [A] Importing training_dummy.bbmodel.
[19:00:06] [pool-35-thread-2/INFO]: [ModelEngine] [A] Importing stag_void.bbmodel.
[19:00:06] [pool-35-thread-1/INFO]: [ModelEngine] [A] 
[19:00:06] [pool-35-thread-1/INFO]: [ModelEngine] [A] Importing collectiblesvol1_conduit_burneffect.bbmodel.
[19:00:06] [pool-35-thread-1/WARN]: [ModelEngine] [A] --Warning: Missing hitbox.
[19:00:06] [pool-35-thread-7/INFO]: [ModelEngine] [A] Importing stag_rune.bbmodel.
[19:00:06] [pool-35-thread-10/INFO]: [ModelEngine] [A] 
[19:00:06] [pool-35-thread-10/INFO]: [ModelEngine] [A] Importing collectiblesvol1_siphon_basicattack.bbmodel.
[19:00:06] [pool-35-thread-10/WARN]: [ModelEngine] [A] --Warning: Eye height is below 0. Entity might suffocate.
[19:00:06] [pool-35-thread-9/INFO]: [ModelEngine] [A] 
[19:00:06] [pool-35-thread-9/INFO]: [ModelEngine] [A] Importing collectiblesvol1_siphon_specialattack.bbmodel.
[19:00:06] [pool-35-thread-9/WARN]: [ModelEngine] [A] --Warning: Eye height is below 0. Entity might suffocate.
[19:00:06] [Craft Scheduler Thread - 13 - ItemsAdder/INFO]: [Content] Loaded 1 categories
[19:00:06] [Craft Scheduler Thread - 13 - ItemsAdder/INFO]: [Content] Contents loaded successfully!
[19:00:06] [Craft Scheduler Thread - 13 - ItemsAdder/INFO]: ResourcePack
[19:00:06] [Craft Scheduler Thread - 13 - ItemsAdder/INFO]:  - Path: /container/plugins/ItemsAdder/output/generated.zip
[19:00:06] [Craft Scheduler Thread - 13 - ItemsAdder/INFO]:  - Download: http://31.57.60.17:25782/generated.zip
[19:00:06] [Craft Scheduler Thread - 13 - ItemsAdder/INFO]:  - Size: 6 MB/250 MB (2%)
[19:00:06] [ReadingThread/INFO]: [com.morelaid.streamingmodule.external.twitch4j.chat.TwitchChat] Connecting to Twitch IRC wss://irc-ws.chat.twitch.tv:443
[19:00:07] [ReadingThread/INFO]: [com.morelaid.streamingmodule.external.twitch4j.pubsub.TwitchPubSub] Connected to Twitch PubSub wss://pubsub-edge.twitch.tv:443
[19:00:07] [pool-35-thread-2/INFO]: [ModelEngine] [A] 
[19:00:07] [pool-35-thread-2/INFO]: [ModelEngine] [A] Resource pack zipped.
[19:00:07] [pool-35-thread-2/INFO]: [ModelEngine] [A] Generator Profiled:
[19:00:07] [pool-35-thread-2/INFO]: [ModelEngine] [A]  - Import Phase: 688.2ms
[19:00:07] [pool-35-thread-2/INFO]: [ModelEngine] [A]  - Assets Phase: 396.5ms
[19:00:07] [pool-35-thread-2/INFO]: [ModelEngine] [A]  - Zipping Phase: 213.7ms
[19:00:07] [Server thread/INFO]: [Citizens] Loaded 61 NPCs.
[19:00:07] [User Authenticator #1/ERROR]: Could not pass event AsyncPlayerPreLoginEvent to MythicLib v1.7.1-SNAPSHOT
java.lang.NullPointerException: Cannot invoke "io.netty.channel.Channel.eventLoop()" because "channel" is null
	at MythicLib-dist-1.7.1-20260223.224523-86.jar//io.lumine.mythic.lib.util.network.LightInjector.injectChannel(LightInjector.java:338) ~[?:?]
	at MythicLib-dist-1.7.1-20260223.224523-86.jar//io.lumine.mythic.lib.util.network.LightInjector.injectNetworkManager(LightInjector.java:357) ~[?:?]
	at MythicLib-dist-1.7.1-20260223.224523-86.jar//io.lumine.mythic.lib.util.network.LightInjector$EventListener.onAsyncPlayerPreLoginEvent(LightInjector.java:418) ~[?:?]
	at co.aikar.timings.TimedEventExecutor.execute(TimedEventExecutor.java:80) ~[paper-api-1.21.11-R0.1-SNAPSHOT.jar:?]
	at org.bukkit.plugin.RegisteredListener.callEvent(RegisteredListener.java:71) ~[paper-api-1.21.11-R0.1-SNAPSHOT.jar:?]
	at io.papermc.paper.plugin.manager.PaperEventManager.callEvent(PaperEventManager.java:54) ~[paper-1.21.11.jar:1.21.11-128-1fdbce1]
	at io.papermc.paper.plugin.manager.PaperPluginManagerImpl.callEvent(PaperPluginManagerImpl.java:131) ~[paper-1.21.11.jar:1.21.11-128-1fdbce1]
	at org.bukkit.plugin.SimplePluginManager.callEvent(SimplePluginManager.java:628) ~[paper-api-1.21.11-R0.1-SNAPSHOT.jar:?]
	at net.minecraft.server.network.ServerLoginPacketListenerImpl.callPlayerPreLoginEvents(ServerLoginPacketListenerImpl.java:327) ~[paper-1.21.11.jar:1.21.11-128-1fdbce1]
	at net.minecraft.server.network.ServerLoginPacketListenerImpl.lambda$handleHello$0(ServerLoginPacketListenerImpl.java:188) ~[paper-1.21.11.jar:1.21.11-128-1fdbce1]
	at java.base/java.util.concurrent.ThreadPoolExecutor.runWorker(ThreadPoolExecutor.java:1144) ~[?:?]
	at java.base/java.util.concurrent.ThreadPoolExecutor$Worker.run(ThreadPoolExecutor.java:642) ~[?:?]
	at java.base/java.lang.Thread.run(Thread.java:1583) ~[?:?]
[19:00:07] [User Authenticator #0/ERROR]: Could not pass event AsyncPlayerPreLoginEvent to MythicLib v1.7.1-SNAPSHOT
java.lang.NullPointerException: Cannot invoke "io.netty.channel.Channel.eventLoop()" because "channel" is null
	at MythicLib-dist-1.7.1-20260223.224523-86.jar//io.lumine.mythic.lib.util.network.LightInjector.injectChannel(LightInjector.java:338) ~[?:?]
	at MythicLib-dist-1.7.1-20260223.224523-86.jar//io.lumine.mythic.lib.util.network.LightInjector.injectNetworkManager(LightInjector.java:357) ~[?:?]
	at MythicLib-dist-1.7.1-20260223.224523-86.jar//io.lumine.mythic.lib.util.network.LightInjector$EventListener.onAsyncPlayerPreLoginEvent(LightInjector.java:418) ~[?:?]
	at co.aikar.timings.TimedEventExecutor.execute(TimedEventExecutor.java:80) ~[paper-api-1.21.11-R0.1-SNAPSHOT.jar:?]
	at org.bukkit.plugin.RegisteredListener.callEvent(RegisteredListener.java:71) ~[paper-api-1.21.11-R0.1-SNAPSHOT.jar:?]
	at io.papermc.paper.plugin.manager.PaperEventManager.callEvent(PaperEventManager.java:54) ~[paper-1.21.11.jar:1.21.11-128-1fdbce1]
	at io.papermc.paper.plugin.manager.PaperPluginManagerImpl.callEvent(PaperPluginManagerImpl.java:131) ~[paper-1.21.11.jar:1.21.11-128-1fdbce1]
	at org.bukkit.plugin.SimplePluginManager.callEvent(SimplePluginManager.java:628) ~[paper-api-1.21.11-R0.1-SNAPSHOT.jar:?]
	at net.minecraft.server.network.ServerLoginPacketListenerImpl.callPlayerPreLoginEvents(ServerLoginPacketListenerImpl.java:327) ~[paper-1.21.11.jar:1.21.11-128-1fdbce1]
	at net.minecraft.server.network.ServerLoginPacketListenerImpl.lambda$handleHello$0(ServerLoginPacketListenerImpl.java:188) ~[paper-1.21.11.jar:1.21.11-128-1fdbce1]
	at java.base/java.util.concurrent.ThreadPoolExecutor.runWorker(ThreadPoolExecutor.java:1144) ~[?:?]
	at java.base/java.util.concurrent.ThreadPoolExecutor$Worker.run(ThreadPoolExecutor.java:642) ~[?:?]
	at java.base/java.lang.Thread.run(Thread.java:1583) ~[?:?]
[19:00:07] [User Authenticator #2/ERROR]: Could not pass event AsyncPlayerPreLoginEvent to MythicLib v1.7.1-SNAPSHOT
java.lang.NullPointerException: Cannot invoke "io.netty.channel.Channel.eventLoop()" because "channel" is null
	at MythicLib-dist-1.7.1-20260223.224523-86.jar//io.lumine.mythic.lib.util.network.LightInjector.injectChannel(LightInjector.java:338) ~[?:?]
	at MythicLib-dist-1.7.1-20260223.224523-86.jar//io.lumine.mythic.lib.util.network.LightInjector.injectNetworkManager(LightInjector.java:357) ~[?:?]
	at MythicLib-dist-1.7.1-20260223.224523-86.jar//io.lumine.mythic.lib.util.network.LightInjector$EventListener.onAsyncPlayerPreLoginEvent(LightInjector.java:418) ~[?:?]
	at co.aikar.timings.TimedEventExecutor.execute(TimedEventExecutor.java:80) ~[paper-api-1.21.11-R0.1-SNAPSHOT.jar:?]
	at org.bukkit.plugin.RegisteredListener.callEvent(RegisteredListener.java:71) ~[paper-api-1.21.11-R0.1-SNAPSHOT.jar:?]
	at io.papermc.paper.plugin.manager.PaperEventManager.callEvent(PaperEventManager.java:54) ~[paper-1.21.11.jar:1.21.11-128-1fdbce1]
	at io.papermc.paper.plugin.manager.PaperPluginManagerImpl.callEvent(PaperPluginManagerImpl.java:131) ~[paper-1.21.11.jar:1.21.11-128-1fdbce1]
	at org.bukkit.plugin.SimplePluginManager.callEvent(SimplePluginManager.java:628) ~[paper-api-1.21.11-R0.1-SNAPSHOT.jar:?]
	at net.minecraft.server.network.ServerLoginPacketListenerImpl.callPlayerPreLoginEvents(ServerLoginPacketListenerImpl.java:327) ~[paper-1.21.11.jar:1.21.11-128-1fdbce1]
	at net.minecraft.server.network.ServerLoginPacketListenerImpl.lambda$handleHello$0(ServerLoginPacketListenerImpl.java:188) ~[paper-1.21.11.jar:1.21.11-128-1fdbce1]
	at java.base/java.util.concurrent.ThreadPoolExecutor.runWorker(ThreadPoolExecutor.java:1144) ~[?:?]
	at java.base/java.util.concurrent.ThreadPoolExecutor$Worker.run(ThreadPoolExecutor.java:642) ~[?:?]
	at java.base/java.lang.Thread.run(Thread.java:1583) ~[?:?]
[19:00:07] [Netty Epoll IO #2/ERROR]: [MythicLib] [LightInjector] Couldn't inject a player, an handler with identifier 'light-injector-MythicLib-0' is already present
[19:00:07] [User Authenticator #0/INFO]: UUID of player LolozinhaC_FJF is 937f9336-cdd3-3057-901c-a44553d2954d
[19:00:07] [User Authenticator #1/INFO]: UUID of player CielCoelhoo is 86976136-94b1-4f55-b406-562f8d573c6c
[19:00:07] [User Authenticator #2/INFO]: UUID of player _Saynt is 08a7552d-983b-3dba-8767-54c8514d406f
[19:00:07] [Server thread/INFO]: [AuraSkills] Loaded 15 skills with 333 total sources
[19:00:07] [Server thread/INFO]: [AuraSkills] Loaded 9 stats and 17 traits
[19:00:07] [Server thread/INFO]: [AuraSkills] Loaded 22 pattern rewards and 0 level rewards
[19:00:07] [Server thread/INFO]: [AuraSkills] Loaded 32 loot entries in 4 pools and 2 tables
[19:00:08] [Server thread/INFO]: [AuraSkills] Loaded 7 menus
[19:00:08] [Server thread/INFO]: Registering 0 recipes...
[19:00:08] [Server thread/INFO]: [PlaceholderAPI] Successfully registered internal expansion: img [1.0.1]
[19:00:08] [Server thread/INFO]: [PlaceholderAPI] Successfully registered internal expansion: iaplayerstat [1.0.1]
[19:00:08] [Server thread/INFO]: [AlonsoTags] [ItemsAdder] ItemsAdder items were updated. Reloading tags..
[19:00:08] [Server thread/INFO]: [Mythic] Reloading plugin...
[19:00:08] [Server thread/INFO]: [MythicMobs] Saving plugin data...
[19:00:08] [Server thread/INFO]: [MythicMobs] ✓Saving Finished
[19:00:08] [Server thread/INFO]: [MythicMobs] Loading Packs...
[19:00:08] [Server thread/INFO]: [MythicMobs] Loading Items...
[19:00:08] [Server thread/INFO]: [MythicMobs] Loading Item Groups...
[19:00:08] [Server thread/INFO]: [MythicMobs] All items loaded after 1ms!
[19:00:08] [Server thread/INFO]: [MythicMobs] Loading Skills...
[19:00:08] [Server thread/INFO]: [MythicMobs] Loading Drop Tables...
[19:00:08] [Server thread/INFO]: [MythicMobs] Loading Random Spawns...
[19:00:08] [Server thread/INFO]: [MythicMobs] Loading Spawn Blocks...
[19:00:08] [Server thread/INFO]: [MythicMobs] Second passes loaded after 2ms!
[19:00:08] [Server thread/INFO]: [MythicMobs] ✓ Loaded 128 mobs.
[19:00:08] [Server thread/INFO]: [MythicMobs] ✓ Loaded 3 vanilla mob overrides.
[19:00:08] [Server thread/INFO]: [MythicMobs] ✓ Loaded 0 mob stacks.
[19:00:08] [Server thread/INFO]: [MythicMobs] ✓ Loaded 355 skills.
[19:00:08] [Server thread/INFO]: [MythicMobs] ✓ Loaded 0 random spawns.
[19:00:08] [Server thread/INFO]: [MythicMobs] ✓ Loaded 3 mythic items.
[19:00:08] [Server thread/INFO]: [MythicMobs] ✓ Loaded 2 drop tables.
[19:00:08] [Server thread/INFO]: [MythicMobs] ✓ Loaded 0 mob spawners.
[19:00:08] [Server thread/INFO]: [Mythic] Mythic has finished reloading!
[19:00:08] [Server thread/INFO]: [MythicMobs] Mythic has finished reloading!
[19:00:08] [Server thread/INFO]: [[1m[31mElevators[0m] Items Adder has finished loading. Reloading recipes for Items Adder support
[19:00:08] [Server thread/INFO]: [[1m[31mElevators[0m] 	Registered 1 recipe groups. (16 recipes) Took 2ms
[19:00:09] [Server thread/INFO]: Done (64.849s)! For help, type "help"
[19:00:09] [Craft Scheduler Thread - 56 - Vault/INFO]: [Vault] Checking for Updates ... 
[19:00:09] [Server thread/INFO]: [ShopGUIPlus] Registered item provider 'eco'.
[19:00:09] [Craft Scheduler Thread - 56 - Vault/INFO]: [Vault] No new version available
[19:00:09] [Craft Scheduler Thread - 9 - CentralCart/INFO]: [{"username":"Muttarius","spent":"R$ 47,92","purchases":1,"identifier":"Muttarius"}]
[19:00:09] [Craft Scheduler Thread - 54 - CentralCart/INFO]: [{"username":"Muttarius","spent":"R$ 47,92","purchases":1,"identifier":"Muttarius"}]
[19:00:09] [Paper Async Task Handler Thread - 1/INFO]: *** Currently you are 2 build(s) behind ***
[19:00:09] [Paper Async Task Handler Thread - 1/INFO]: *** It is highly recommended to download the latest build from https://papermc.io/downloads/paper ***
[19:00:09] [Server thread/INFO]: [eco] Loaded eco
[19:00:09] [Server thread/INFO]: [EcoEnchants] Loaded EcoEnchants
[19:00:09] [Server thread/INFO]: [libreforge] Loaded libreforge
[19:00:09] [Server thread/INFO]: [voicechat] Loading plugins
[19:00:09] [Server thread/INFO]: [voicechat] Loaded 1 plugin(s)
[19:00:09] [Server thread/INFO]: [voicechat] Initializing plugins
[19:00:09] [Server thread/INFO]: [voicechat] Initialized 1 plugin(s)
[19:00:09] [Server thread/INFO]: [voicechat] Registering events for 'phoenix_voicechat_icon'
[19:00:09] [Server thread/INFO]: Registering Voicechat events...
[19:00:09] [Server thread/WARN]: [voicechat] Running in offline mode - Voice chat encryption is not secure!
[19:00:09] [Server thread/INFO]: [PlaceholderAPI] Successfully registered internal expansion: quests [3.16.1-430c34a]
[19:00:09] [VoiceChatServerThread/ERROR]: [voicechat] Failed to bind to address '31.57.60.17', binding to wildcard IP instead
[19:00:09] [VoiceChatServerThread/INFO]: [voicechat] Voice chat server started at 31.57.60.17:25703
[19:00:09] [Server thread/INFO]: [Quests] Successfully hooked into Essentials economy.
[19:00:09] [Server thread/ERROR]: [Quests] Failed to register events for class com.leonardobishop.quests.bukkit.tasktype.type.dependent.PlayerPointsEarnTaskType because org/black_ixx/playerpoints/event/PlayerPointsChangeEvent does not exist.
[19:00:09] [Server thread/INFO]: [Quests] 56 task types have been registered.
[19:00:09] [Server thread/INFO]: [Quests] 0 quest items have been registered.
[19:00:09] [DiscordSRV - JDA Callback 0/INFO]: [DiscordSRV] Cleared all pre-existing slash commands in 1/1 guilds (0 cancelled)
[19:00:09] [Server thread/INFO]: [Quests] 1448 quests have been registered.
[19:00:09] [Server thread/WARN]: [Quests] You have configuration issues preventing some quests from loading.
[19:00:09] [Server thread/WARN]: [Quests] You can view these issues with the command: /q a config.
[19:00:09] [Server thread/INFO]: [PlaceholderAPI] Successfully registered external expansion: player [2.0.5]
[19:00:09] [Server thread/INFO]: [PlaceholderAPI] Successfully registered external expansion: essentials [1.5.2]
[19:00:09] [Server thread/INFO]: [PlaceholderAPI] Successfully registered external expansion: luckperms [5.4-R2]
[19:00:09] [Server thread/INFO]: [PlaceholderAPI] Successfully registered external expansion: tinify [2]
[19:00:09] [Server thread/INFO]: [PlaceholderAPI] Successfully registered external expansion: statistic [2.0.2]
[19:00:09] [Server thread/INFO]: [PlaceholderAPI] Successfully registered external expansion: vault [1.8.1]
[19:00:09] [Server thread/INFO]: 6 placeholder hook(s) registered! 2 placeholder hook(s) have an update available.
[19:00:09] [ReadingThread/INFO]: [com.morelaid.streamingmodule.external.twitch4j.chat.TwitchChat] Connecting to Twitch IRC wss://irc-ws.chat.twitch.tv:443
[19:00:09] [Server thread/INFO]: CielCoelhoo (/177.10.16.92:34392) lost connection: Disconnected
[19:00:09] [Server thread/INFO]: LolozinhaC_FJF (/200.164.254.79:34416) lost connection: Disconnected
[19:00:09] [Server thread/INFO]: _Saynt (/179.106.174.254:34402) lost connection: Disconnected
[19:00:09] [Server thread/INFO]: [MythicMobs] Loaded 0 skill commands
[19:00:09] [Server thread/INFO]: [PyroFishingPro] Loaded (9) Totems successfully.
[19:00:09] [Server thread/INFO]: [NameTags] Registering SkinRestorer event listeners.
[19:00:09] [Server thread/INFO]: [MythicMobs] Loaded 0 skill commands
[19:00:10] [WritingThread/INFO]: [com.morelaid.streamingmodule.external.twitch4j.pubsub.TwitchPubSub] Connected to Twitch PubSub wss://pubsub-edge.twitch.tv:443
[19:00:10] [Craft Scheduler Thread - 21 - AbsolutEvents/INFO]: [AbsolutEvents] Evento sorteado no AutoStart: torneio (torneio)
[19:00:10] [Server thread/INFO]: 
[19:00:10] [Server thread/INFO]: Evento Torneio Clique aqui para participar!
[19:00:10] [Server thread/INFO]: Prêmio: $500.000 + +40 PDC + Insígnia de Eventos + Մ
[19:00:10] [Server thread/INFO]: Jogadores no evento: 0 Chamadas Restantes: 10
[19:00:10] [Server thread/INFO]: 
[19:00:10] [Server thread/INFO]: [ShopGUIPlus] Registered spawners support for SpawnerMeta.
[19:00:10] [Server thread/INFO]: [ShopGUIPlus] Registered item provider 'SpawnerMeta'.
[19:00:10] [Server thread/INFO]: [ShopGUIPlus] ================================[ ShopGUI+ 1.112.0 ]================================
[19:00:10] [Server thread/INFO]: [ShopGUIPlus]  
[19:00:10] [Server thread/INFO]: [ShopGUIPlus] Need help using ShopGUI+? Check out our Wiki or Join our Discord Support server!
[19:00:10] [Server thread/INFO]: [ShopGUIPlus] https://docs.brcdev.net/ & https://discord.brcdev.net/
[19:00:10] [Server thread/INFO]: [ShopGUIPlus]  
[19:00:10] [Server thread/INFO]: [ShopGUIPlus] Vault economy registered.
[19:00:10] [Server thread/INFO]: [ShopGUIPlus] Vault economy enabled.
[19:00:10] [Server thread/INFO]: [ShopGUIPlus] Using Vault as default economy provider.
[19:00:10] [Server thread/INFO]: [ShopGUIPlus] Permissions support enabled.
[19:00:10] [Server thread/INFO]: [ShopGUIPlus] Enabled item provider for HeadDatabase.
[19:00:10] [Server thread/INFO]: [ShopGUIPlus] Enabled item provider for MMOItems.
[19:00:10] [Server thread/INFO]: [ShopGUIPlus] Enabled item provider for Brewery.
[19:00:10] [Server thread/INFO]: [ShopGUIPlus] Enabled item provider for ItemsAdder.
[19:00:10] [Server thread/INFO]: [ShopGUIPlus] Enabled item provider for MythicMobs.
[19:00:10] [Server thread/INFO]: [ShopGUIPlus] Enabled item provider for eco.
[19:00:10] [Server thread/INFO]: [ShopGUIPlus] Enabled item provider for SpawnerMeta.
[19:00:10] [Server thread/INFO]: [ShopGUIPlus] Using SpawnerMeta for spawners support.
[19:00:10] [Server thread/WARN]: [ShopGUIPlus] Error occurred when loading shopMenuFillItem (config.yml), item not loaded: Invalid or no material name specified
[19:00:10] [Server thread/INFO]: [ShopGUIPlus] Loaded 10 main menu items.
[19:00:10] [Server thread/INFO]: [ShopGUIPlus] Loaded shop 'coralblocks' with 18 items.
[19:00:10] [Server thread/INFO]: [ShopGUIPlus] Loaded shop 'corals' with 18 items.
[19:00:10] [Server thread/INFO]: [ShopGUIPlus] Loaded shop 'concretes' with 29 items.
[19:00:10] [Server thread/INFO]: [ShopGUIPlus] Loaded shop 'buttons' with 25 items.
[19:00:10] [Server thread/INFO]: [ShopGUIPlus] Loaded shop 'skulls' with 18 items.
[19:00:10] [Server thread/INFO]: [ShopGUIPlus] Loaded shop 'woods' with 21 items.
[19:00:10] [Server thread/INFO]: [ShopGUIPlus] Loaded shop 'ores' with 25 items.
[19:00:10] [Server thread/INFO]: [ShopGUIPlus] Loaded shop 'glass' with 27 items.
[19:00:10] [Server thread/INFO]: [ShopGUIPlus] Loaded shop 'blocks' with 142 items.
[19:00:10] [Server thread/INFO]: [ShopGUIPlus] Loaded shop 'deadcoralfans' with 18 items.
[19:00:10] [Server thread/WARN]: [ShopGUIPlus] Error occurred when loading boats > P1-24, item not loaded: Invalid or no material name specified
[19:00:10] [Server thread/INFO]: [ShopGUIPlus] Loaded shop 'boats' with 21 items.
[19:00:10] [Server thread/INFO]: [ShopGUIPlus] Loaded shop 'banners' with 29 items.
[19:00:10] [Server thread/INFO]: [ShopGUIPlus] Loaded shop 'food' with 33 items.
[19:00:10] [Server thread/INFO]: [ShopGUIPlus] Loaded shop 'dyes' with 29 items.
[19:00:10] [Server thread/INFO]: [ShopGUIPlus] Loaded shop 'flowers' with 30 items.
[19:00:10] [Server thread/INFO]: [ShopGUIPlus] Loaded shop 'planks' with 21 items.
[19:00:11] [Server thread/INFO]: [ShopGUIPlus] Loaded shop 'trapdoors' with 24 items.
[19:00:11] [Server thread/INFO]: [ShopGUIPlus] Loaded shop 'fences' with 24 items.
[19:00:11] [Server thread/INFO]: [ShopGUIPlus] Loaded shop 'doors' with 24 items.
[19:00:11] [Server thread/INFO]: [ShopGUIPlus] Loaded shop 'glasspanes' with 30 items.
[19:00:11] [Server thread/INFO]: [ShopGUIPlus] Loaded shop 'armor' with 24 items.
[19:00:11] [Server thread/INFO]: [ShopGUIPlus] Loaded shop 'pressureplates' with 25 items.
[19:00:11] [Server thread/INFO]: [ShopGUIPlus] Loaded shop 'terracottas' with 30 items.
[19:00:11] [Server thread/INFO]: [ShopGUIPlus] Loaded shop 'shulkerboxes' with 30 items.
[19:00:11] [Server thread/INFO]: [ShopGUIPlus] Loaded shop 'glazedterracottas' with 29 items.
[19:00:11] [Server thread/INFO]: [ShopGUIPlus] Loaded shop 'deadcorals' with 18 items.
[19:00:11] [Server thread/INFO]: [ShopGUIPlus] Loaded shop 'coralfans' with 18 items.
[19:00:11] [Server thread/INFO]: [ShopGUIPlus] Loaded shop 'concretepowders' with 29 items.
[19:00:11] [Server thread/INFO]: [ShopGUIPlus] Loaded shop 'musicdiscs' with 26 items.
[19:00:11] [Server thread/INFO]: [ShopGUIPlus] Loaded shop 'beds' with 29 items.
[19:00:11] [Server thread/INFO]: [ShopGUIPlus] Loaded shop 'saplings' with 21 items.
[19:00:11] [Server thread/INFO]: [ShopGUIPlus] Loaded shop 'deadcoralblocks' with 18 items.
[19:00:11] [Server thread/INFO]: [ShopGUIPlus] Loaded shop 'fencegates' with 24 items.
[19:00:11] [Server thread/INFO]: [ShopGUIPlus] Loaded shop 'carpets' with 29 items.
[19:00:11] [Server thread/INFO]: [ShopGUIPlus] Loaded shop 'strippedwoods' with 21 items.
[19:00:11] [Server thread/INFO]: [ShopGUIPlus] Loaded shop 'farming' with 41 items.
[19:00:11] [Server thread/INFO]: [ShopGUIPlus] Loaded shop 'signs' with 24 items.
[19:00:11] [Server thread/INFO]: [ShopGUIPlus] Loaded shop 'walls' with 38 items.
[19:00:11] [Server thread/INFO]: [ShopGUIPlus] Loaded shop 'leaves' with 19 items.
[19:00:11] [Server thread/INFO]: [ShopGUIPlus] Loaded shop 'drops' with 60 items.
[19:00:11] [Server thread/INFO]: [ShopGUIPlus] Loaded shop 'strippedlogs' with 21 items.
[19:00:11] [Server thread/INFO]: [ShopGUIPlus] Loaded shop 'wools' with 29 items.
[19:00:11] [Server thread/INFO]: [ShopGUIPlus] Loaded shop 'logs' with 24 items.
[19:00:11] [Server thread/INFO]: [ShopGUIPlus] Loaded 43 shops with total of 1233 items.
[19:00:11] [Server thread/INFO]: [ShopGUIPlus] Loaded 6 permission-based price modifiers.
[19:00:11] [Server thread/INFO]: [ShopGUIPlus] Loaded 7 sounds.
[19:00:11] [Server thread/INFO]: [ShopGUIPlus]  
[19:00:11] [Server thread/INFO]: [ShopGUIPlus] ====================================================================================
[19:00:11] [Server thread/INFO]: [CoreTools] Hooked onto Vault
[19:00:12] [Server thread/INFO]: [MMOItems Template Modifiers] Preloading template modifiers, please wait..
[19:00:12] [Server thread/INFO]: [MMOItems Item Templates] Preloading item templates, please wait..
[19:00:12] [Server thread/INFO]: [MMOItems Template Modifiers] Loading template modifiers, please wait..
[19:00:12] [Server thread/INFO]: [MMOItems Item Templates] Loading item templates, please wait...
[19:00:12] [Server thread/INFO]: [MMOItems Item Templates (WHIP)] Could not post-load item template 'PIRATE_PISTOL': Could not find skill with ID 'SKILL'
[19:00:12] [Server thread/INFO]: [MMOItems] MMOItems 6.10.1-SNAPSHOT reloaded.
[19:00:12] [Server thread/INFO]: [MMOItems] - 44 Item Types
[19:00:12] [Server thread/INFO]: [MMOItems] - 14 Item Tiers
[19:00:12] [Server thread/INFO]: [MMOItems] - 0 Item Sets
[19:00:12] [Server thread/INFO]: [MMOItems] - 2 Upgrade Templates
[19:00:12] [Server thread/INFO]: [MMOItems] Successfully reloaded recipes.
[19:00:12] [Server thread/INFO]: [MMOItems] - 37 Recipes
[19:00:12] [Server thread/INFO]: [MMOItems] Successfully reloaded the crafting stations..
[19:00:12] [Server thread/INFO]: [MMOItems] - 23 Crafting Stations
[19:00:12] [Server thread/INFO]: [MMOItems] - 264 Recipes
[19:00:12] [Server thread/INFO]: [MMOItems] Successfully reloaded 143 skills.
[19:00:12] [Server thread/INFO]: [MythicLib Ingredient m MATERIAL PELICAN_FEATHER 1.0..] Invalid MMOItem MATERIAL PELICAN_FEATHER: No such MMOItem for Type MATERIAL. 
[19:00:12] [Server thread/INFO]: [MythicLib Ingredient m MATERIAL BLACK_FEATHER 1.0..] Invalid MMOItem MATERIAL BLACK_FEATHER: No such MMOItem for Type MATERIAL. 
[19:00:12] [Server thread/INFO]: [MythicLib Ingredient m MATERIAL TOUCAN_FEATHER 1.0..] Invalid MMOItem MATERIAL TOUCAN_FEATHER: No such MMOItem for Type MATERIAL. 
[19:00:12] [Server thread/INFO]: [MythicLib Ingredient m MATERIAL OWL_FEATHER 1.0..] Invalid MMOItem MATERIAL OWL_FEATHER: No such MMOItem for Type MATERIAL. 
[19:00:12] [Server thread/INFO]: [MythicLib Ingredient m BOW BOW_NATURES_WILL 1.0..] Invalid MMOItem BOW BOW_NATURES_WILL: No such MMOItem for Type BOW. 
[19:00:12] [Server thread/INFO]: [MythicLib Ingredient m MATERIAL BLUEJAY_FEATHER 1.0..] Invalid MMOItem MATERIAL BLUEJAY_FEATHER: No such MMOItem for Type MATERIAL. 
[19:00:12] [Server thread/INFO]: [MythicLib Ingredient m MATERIAL HUMMINGBIRD_FEATHER 1.0..] Invalid MMOItem MATERIAL HUMMINGBIRD_FEATHER: No such MMOItem for Type MATERIAL. 
[19:00:12] [Server thread/INFO]: [MythicLib Ingredient m MATERIAL GOLDEN_FEATHER 1.0..] Invalid MMOItem MATERIAL GOLDEN_FEATHER: No such MMOItem for Type MATERIAL. 
[19:00:12] [Server thread/INFO]: [MythicLib Ingredient m MATERIAL GOOSE_FEATHER 1.0..] Invalid MMOItem MATERIAL GOOSE_FEATHER: No such MMOItem for Type MATERIAL. 
[19:00:12] [Craft Scheduler Thread - 17 - SpawnerMeta/INFO]: [Spawner Meta v25.4] New version is available: v25.5! To download visit: https://www.spigotmc.org/resources/spawnermeta.74188/
[19:00:13] [Server thread/INFO]: [PlaceholderAPI] Successfully registered internal expansion: NextCash [1.2.14]
[19:00:13] [Server thread/INFO]: [NextCash] Placeholder registrada com sucesso!
[19:00:13] [Server thread/WARN]: [NextCash] Dependência não encontrada (HolographicDisplays ou CMI) O ranking em NPC não será usado.
[19:00:13] [Server thread/INFO]: [NextCash] [Grupos] Integrado com sucesso com o plugin 'VaultGroupWrapper'
[19:00:13] [Server thread/INFO]: [AlonsoTags] Config files are (re)loading.. Timestamp: Negative | Negative
[19:00:13] [Server thread/INFO]: [AlonsoTags] Loading 'blastoise' tag..
[19:00:13] [Server thread/INFO]: [AlonsoTags] Loading 'bulbasaur' tag..
[19:00:13] [Server thread/INFO]: [AlonsoTags] Loading 'charmander' tag..
[19:00:13] [Server thread/INFO]: [AlonsoTags] Loading 'clefairy' tag..
[19:00:13] [Server thread/INFO]: [AlonsoTags] Loading 'dragonclaw' tag..
[19:00:13] [Server thread/INFO]: [AlonsoTags] Loading 'eevee' tag..
[19:00:13] [Server thread/INFO]: [AlonsoTags] Loading 'gengar' tag..
[19:00:13] [Server thread/INFO]: [AlonsoTags] Loading 'gyarados' tag..
[19:00:13] [Server thread/INFO]: [AlonsoTags] Loading 'hunge' tag..
[19:00:13] [Server thread/INFO]: [AlonsoTags] Loading 'lucario' tag..
[19:00:13] [Server thread/INFO]: [AlonsoTags] Loading 'mewtwo' tag..
[19:00:13] [Server thread/INFO]: [AlonsoTags] Loading 'pikachu' tag..
[19:00:13] [Server thread/INFO]: [AlonsoTags] Loading 'rayquasa' tag..
[19:00:13] [Server thread/INFO]: [AlonsoTags] Loading 'snorlax' tag..
[19:00:13] [Server thread/INFO]: [AlonsoTags] Loading 'squirtle' tag..
[19:00:13] [Server thread/INFO]: [AlonsoTags] Loading 'giyu' tag..
[19:00:13] [Server thread/INFO]: [AlonsoTags] Loading 'himejima' tag..
[19:00:13] [Server thread/INFO]: [AlonsoTags] Loading 'iguro' tag..
[19:00:13] [Server thread/INFO]: [AlonsoTags] Loading 'inosuke' tag..
[19:00:13] [Server thread/INFO]: [AlonsoTags] Loading 'kyojuro' tag..
[19:00:13] [Server thread/INFO]: [AlonsoTags] Loading 'muichiro' tag..
[19:00:13] [Server thread/INFO]: [AlonsoTags] Loading 'nezuko' tag..
[19:00:13] [Server thread/INFO]: [AlonsoTags] Loading 'oni' tag..
[19:00:13] [Server thread/INFO]: [AlonsoTags] Loading 'sanemi' tag..
[19:00:13] [Server thread/INFO]: [AlonsoTags] Loading 'sem' tag..
[19:00:13] [Server thread/INFO]: [AlonsoTags] Loading 'shinobu' tag..
[19:00:13] [Server thread/INFO]: [AlonsoTags] Loading 'tanjiro' tag..
[19:00:13] [Server thread/INFO]: [AlonsoTags] Loading 'tengen' tag..
[19:00:13] [Server thread/INFO]: [AlonsoTags] Loading 'zenitsu' tag..
[19:00:13] [Server thread/INFO]: [AlonsoTags] Loading 'anya' tag..
[19:00:13] [Server thread/INFO]: [AlonsoTags] Loading 'becky' tag..
[19:00:13] [Server thread/INFO]: [AlonsoTags] Loading 'bond' tag..
[19:00:13] [Server thread/INFO]: [AlonsoTags] Loading 'damian' tag..
[19:00:13] [Server thread/INFO]: [AlonsoTags] Loading 'donovan' tag..
[19:00:13] [Server thread/INFO]: [AlonsoTags] Loading 'emile' tag..
[19:00:13] [Server thread/INFO]: [AlonsoTags] Loading 'ewen' tag..
[19:00:13] [Server thread/INFO]: [AlonsoTags] Loading 'fiona' tag..
[19:00:13] [Server thread/INFO]: [AlonsoTags] Loading 'franky' tag..
[19:00:13] [Server thread/INFO]: [AlonsoTags] Loading 'henry' tag..
[19:00:13] [Server thread/INFO]: [AlonsoTags] Loading 'sylvia' tag..
[19:00:13] [Server thread/INFO]: [AlonsoTags] Loading 'loid' tag..
[19:00:13] [Server thread/INFO]: [AlonsoTags] Loading 'yor' tag..
[19:00:13] [Server thread/INFO]: [AlonsoTags] Loading 'yorcasual' tag..
[19:00:13] [Server thread/INFO]: [AlonsoTags] Loading 'yuri' tag..
[19:00:13] [Server thread/INFO]: [AlonsoTags] Loading 'aki' tag..
[19:00:13] [Server thread/INFO]: [AlonsoTags] Loading 'bomb' tag..
[19:00:13] [Server thread/INFO]: [AlonsoTags] Loading 'chainsawman' tag..
[19:00:13] [Server thread/INFO]: [AlonsoTags] Loading 'ghostdevil' tag..
[19:00:13] [Server thread/INFO]: [AlonsoTags] Loading 'himeno' tag..
[19:00:13] [Server thread/INFO]: [AlonsoTags] Loading 'katanaman' tag..
[19:00:13] [Server thread/INFO]: [AlonsoTags] Loading 'kobeni' tag..
[19:00:13] [Server thread/INFO]: [AlonsoTags] Loading 'pochita' tag..
[19:00:13] [Server thread/INFO]: [AlonsoTags] Loading 'power' tag..
[19:00:13] [Server thread/INFO]: [AlonsoTags] Loading 'reze' tag..
[19:00:13] [Server thread/INFO]: [AlonsoTags] Loading 'sawatari' tag..
[19:00:13] [Server thread/INFO]: [AlonsoTags] Loading 'sharkfiend' tag..
[19:00:13] [Server thread/INFO]: [AlonsoTags] Loading 'annie' tag..
[19:00:13] [Server thread/INFO]: [AlonsoTags] Loading 'bestialtitan' tag..
[19:00:13] [Server thread/INFO]: [AlonsoTags] Loading 'colossaltitan' tag..
[19:00:13] [Server thread/INFO]: [AlonsoTags] Loading 'erenjovem' tag..
[19:00:13] [Server thread/INFO]: [AlonsoTags] Loading 'erentitan' tag..
[19:00:13] [Server thread/INFO]: [AlonsoTags] Loading 'erenvelho' tag..
[19:00:13] [Server thread/INFO]: [AlonsoTags] Loading 'femaletitan' tag..
[19:00:13] [Server thread/INFO]: [AlonsoTags] Loading 'jawtitan' tag..
[19:00:13] [Server thread/INFO]: [AlonsoTags] Loading 'hanji' tag..
[19:00:13] [Server thread/INFO]: [AlonsoTags] Loading 'mikasa' tag..
[19:00:13] [Server thread/INFO]: [AlonsoTags] Loading 'reiner' tag..
[19:00:13] [Server thread/INFO]: [AlonsoTags] Loading 'titanarmadura' tag..
[19:00:13] [Server thread/INFO]: [AlonsoTags] Loading 'titancarro' tag..
[19:00:13] [Server thread/INFO]: [AlonsoTags] Loading 'warhammertitan' tag..
[19:00:13] [Server thread/INFO]: [AlonsoTags] Loading 'zeke' tag..
[19:00:13] [Server thread/INFO]: [AlonsoTags] Loading 'usopp' tag..
[19:00:13] [Server thread/INFO]: [AlonsoTags] Loading 'tralfagar' tag..
[19:00:13] [Server thread/INFO]: [AlonsoTags] Loading 'tonychopper' tag..
[19:00:13] [Server thread/INFO]: [AlonsoTags] Loading 'shanks' tag..
[19:00:13] [Server thread/INFO]: [AlonsoTags] Loading 'roronoazoro' tag..
[19:00:13] [Server thread/INFO]: [AlonsoTags] Loading 'nicorobin' tag..
[19:00:13] [Server thread/INFO]: [AlonsoTags] Loading 'frankyonepiece' tag..
[19:00:13] [Server thread/INFO]: [AlonsoTags] Loading 'charlottekatakuri' tag..
[19:00:13] [Server thread/INFO]: [AlonsoTags] Loading 'brook' tag..
[19:00:13] [Server thread/INFO]: [AlonsoTags] Loading 'nami' tag..
[19:00:13] [Server thread/INFO]: [AlonsoTags] Loading 'monkeydluffy' tag..
[19:00:13] [Server thread/INFO]: [AlonsoTags] Loading 'donquixoteflamingo' tag..
[19:00:13] [Server thread/INFO]: [AlonsoTags] Loading 'boahancock' tag..
[19:00:13] [Server thread/INFO]: [AlonsoTags] Loading 'ace' tag..
[19:00:13] [Server thread/INFO]: [AlonsoTags] Loading 'sanji' tag..
[19:00:13] [Server thread/INFO]: [AlonsoTags] Loading 'guy' tag..
[19:00:13] [Server thread/INFO]: [AlonsoTags] Loading 'hinata' tag..
[19:00:13] [Server thread/INFO]: [AlonsoTags] Loading 'itachi' tag..
[19:00:13] [Server thread/INFO]: [AlonsoTags] Loading 'jiraya' tag..
[19:00:13] [Server thread/INFO]: [AlonsoTags] Loading 'kakashi' tag..
[19:00:13] [Server thread/INFO]: [AlonsoTags] Loading 'madara' tag..
[19:00:13] [Server thread/INFO]: [AlonsoTags] Loading 'nagato' tag..
[19:00:13] [Server thread/INFO]: [AlonsoTags] Loading 'naruto' tag..
[19:00:13] [Server thread/INFO]: [AlonsoTags] Loading 'obito' tag..
[19:00:13] [Server thread/INFO]: [AlonsoTags] Loading 'orochimaru' tag..
[19:00:13] [Server thread/INFO]: [AlonsoTags] Loading 'hashirama' tag..
[19:00:13] [Server thread/INFO]: [AlonsoTags] Loading 'sakura' tag..
[19:00:13] [Server thread/INFO]: [AlonsoTags] Loading 'sasuke' tag..
[19:00:13] [Server thread/INFO]: [AlonsoTags] Loading 'shikamaru' tag..
[19:00:13] [Server thread/INFO]: [AlonsoTags] Loading 'tsunade' tag..
[19:00:13] [Server thread/INFO]: [AlonsoTags] Successfully loaded 101 tags!
[19:00:13] [Server thread/INFO]: [nChat] [Vault] Chat provider detected: LuckPerms
[19:00:13] [Server thread/INFO]: [nChat] [Vault] Economy provider detected: EssentialsX Economy
[19:00:13] [Server thread/INFO]: [nChat] [Vault] Permission provider detected: LuckPerms
[19:00:13] [Server thread/INFO]: [PlaceholderAPI] Successfully registered internal expansion: ultimateautorestart [2025.12]
[19:00:13] [Server thread/INFO]: [UltimateAutoRestart] Hooked into PlaceholderAPI!
[19:00:13] [Server thread/INFO]: [UltimateAutoRestart] Successfully performed 1 hooks!
[19:00:15] [Server thread/INFO]: [MyCmd] Spawning NPCs...
[19:00:19] [User Authenticator #2/INFO]: UUID of player CielCoelhoo is 86976136-94b1-4f55-b406-562f8d573c6c
[19:00:19] [Server thread/INFO]: [HorriblePlayerLoginEventHack] You have plugins listening to the PlayerLoginEvent, this will cause re-configuration APIs to be unavailable: [eco, LuckPerms, BreweryX, nChat, DiscordSRV, Essentials, DeluxeMenus, ProtocolLib, MythicLib, WorldGuard]
[19:00:20] [Server thread/INFO]: [LeaguesVP] The clan Imperio Lunar is already registered!
[19:00:20] [pool-13-thread-1/INFO]: [CoreTools] Found and loaded data of '86976136-94b1-4f55-b406-562f8d573c6c' Time taken: 5ms
[19:00:20] [Server thread/INFO]: CielCoelhoo[/177.10.16.92:46800] logged in with entity id 1135 at ([world]-19790.453551640043, 237.0, 14056.304360689113)
[19:00:20] [Server thread/INFO]: ツcoelho炎愛 conectou!
[19:00:20] [Server thread/INFO]: [voicechat] Received secret request of CielCoelhoo (20)
[19:00:20] [Server thread/INFO]: [voicechat] Sent secret to CielCoelhoo
[19:00:20] [VoiceChatPacketProcessingThread/INFO]: [voicechat] Successfully authenticated player 86976136-94b1-4f55-b406-562f8d573c6c
[19:00:21] [VoiceChatPacketProcessingThread/INFO]: [voicechat] Successfully validated connection of player 86976136-94b1-4f55-b406-562f8d573c6c
[19:00:21] [VoiceChatPacketProcessingThread/INFO]: [voicechat] Player CielCoelhoo (86976136-94b1-4f55-b406-562f8d573c6c) successfully connected to voice chat
[19:00:26] [Server thread/INFO]: 
[19:00:26] [Server thread/INFO]: Evento Torneio Clique aqui para participar!
[19:00:26] [Server thread/INFO]: Prêmio: $500.000 + +40 PDC + Insígnia de Eventos + Մ
[19:00:26] [Server thread/INFO]: Jogadores no evento: 0 Chamadas Restantes: 9
[19:00:26] [Server thread/INFO]: 
[19:00:28] [Server thread/INFO]: [NBTAPI] [NBTAPI] Found Minecraft: 1.21.11! Trying to find NMS support
[19:00:28] [Server thread/WARN]: [NBTAPI] [NBTAPI] This Server-Version(1.21.11-R0.1-SNAPSHOT) is not supported by this NBT-API Version(2.15.1) located in Hyperstones. The NBT-API will try to work as good as it can! Some functions may not work!
[19:00:28] [Server thread/INFO]: [NBTAPI] [NBTAPI] Using the plugin 'Hyperstones' to create a bStats instance!
[19:00:41] [Server thread/INFO]: 
[19:00:41] [Server thread/INFO]: Evento Torneio Clique aqui para participar!
[19:00:41] [Server thread/INFO]: Prêmio: $500.000 + +40 PDC + Insígnia de Eventos + Մ
[19:00:41] [Server thread/INFO]: Jogadores no evento: 0 Chamadas Restantes: 8
[19:00:41] [Server thread/INFO]: 
[19:00:46] [JDA MainWS-ReadThread/INFO]: [DiscordSRV] Chat: [Discord | Moderador] LolozinhaC_FJF > er
[19:00:50] [User Authenticator #2/INFO]: UUID of player LolozinhaC_FJF is 937f9336-cdd3-3057-901c-a44553d2954d
[19:00:51] [Server thread/INFO]: [LeaguesVP] The clan Fragmented Jasju Forces is already registered!
[19:00:51] [pool-13-thread-3/INFO]: [CoreTools] Found and loaded data of '937f9336-cdd3-3057-901c-a44553d2954d' Time taken: 1ms
[19:00:51] [Server thread/INFO]: LolozinhaC_FJF[/200.164.254.79:39166] logged in with entity id 3745 at ([world]5083.4635491116405, 81.0, -3901.523670862903)
[19:00:51] [Server thread/INFO]: LolozinhaC_FJF conectou!
[19:00:51] [Server thread/INFO]: [voicechat] Received secret request of LolozinhaC_FJF (20)
[19:00:51] [Server thread/INFO]: [voicechat] Sent secret to LolozinhaC_FJF
[19:00:51] [VoiceChatPacketProcessingThread/INFO]: [voicechat] Successfully authenticated player 937f9336-cdd3-3057-901c-a44553d2954d
[19:00:52] [VoiceChatPacketProcessingThread/INFO]: [voicechat] Successfully validated connection of player 937f9336-cdd3-3057-901c-a44553d2954d
[19:00:52] [VoiceChatPacketProcessingThread/INFO]: [voicechat] Player LolozinhaC_FJF (937f9336-cdd3-3057-901c-a44553d2954d) successfully connected to voice chat
[19:00:56] [Server thread/INFO]: 
[19:00:56] [Server thread/INFO]: Evento Torneio Clique aqui para participar!
[19:00:56] [Server thread/INFO]: Prêmio: $500.000 + +40 PDC + Insígnia de Eventos + Մ
[19:00:56] [Server thread/INFO]: Jogadores no evento: 0 Chamadas Restantes: 7
[19:00:56] [Server thread/INFO]: 
[19:01:11] [Server thread/INFO]: 
[19:01:11] [Server thread/INFO]: Evento Torneio Clique aqui para participar!
[19:01:11] [Server thread/INFO]: Prêmio: $500.000 + +40 PDC + Insígnia de Eventos + Մ
[19:01:11] [Server thread/INFO]: Jogadores no evento: 0 Chamadas Restantes: 6
[19:01:11] [Server thread/INFO]: 
[19:01:16] [User Authenticator #2/INFO]: UUID of player _Saynt is 08a7552d-983b-3dba-8767-54c8514d406f
[19:01:16] [Craft Scheduler Thread - 4 - CentralCart/INFO]: [{"username":"Muttarius","spent":"R$ 47,92","purchases":1,"identifier":"Muttarius"}]
[19:01:16] [Server thread/INFO]: [LeaguesVP] The clan Dead in the Dirt is already registered!
[19:01:16] [pool-13-thread-4/INFO]: [CoreTools] Found and loaded data of '08a7552d-983b-3dba-8767-54c8514d406f' Time taken: 2ms
[19:01:16] [Server thread/INFO]: [DiscordSRV] Player _Saynt joined with silent joining permission, not sending a join message
[19:01:16] [Server thread/INFO]: _Saynt[/179.106.174.254:60730] logged in with entity id 5415 at ([world]-2.5594986907049733, 70.0, -127.70945723783228)
[19:01:16] [Server thread/INFO]: _Saynt conectou!
[19:01:16] [Server thread/INFO]: [voicechat] Received secret request of _Saynt (20)
[19:01:16] [Server thread/INFO]: [voicechat] Sent secret to _Saynt
[19:01:17] [VoiceChatPacketProcessingThread/INFO]: [voicechat] Successfully authenticated player 08a7552d-983b-3dba-8767-54c8514d406f
[19:01:18] [VoiceChatPacketProcessingThread/INFO]: [voicechat] Successfully validated connection of player 08a7552d-983b-3dba-8767-54c8514d406f
[19:01:18] [VoiceChatPacketProcessingThread/INFO]: [voicechat] Player _Saynt (08a7552d-983b-3dba-8767-54c8514d406f) successfully connected to voice chat
[19:01:26] [Server thread/INFO]: 
[19:01:26] [Server thread/INFO]: Evento Torneio Clique aqui para participar!
[19:01:26] [Server thread/INFO]: Prêmio: $500.000 + +40 PDC + Insígnia de Eventos + Մ
[19:01:26] [Server thread/INFO]: Jogadores no evento: 0 Chamadas Restantes: 5
[19:01:26] [Server thread/INFO]: 
[19:01:37] [Server thread/INFO]: _Saynt issued server command: /trails
[19:01:41] [Server thread/INFO]: 
[19:01:41] [Server thread/INFO]: Evento Torneio Clique aqui para participar!
[19:01:41] [Server thread/INFO]: Prêmio: $500.000 + +40 PDC + Insígnia de Eventos + Մ
[19:01:41] [Server thread/INFO]: Jogadores no evento: 0 Chamadas Restantes: 4
[19:01:41] [Server thread/INFO]: 
[19:01:42] [Server thread/INFO]: _Saynt issued server command: /superpickaxe
[19:01:56] [Server thread/INFO]: 
[19:01:56] [Server thread/INFO]: Evento Torneio Clique aqui para participar!
[19:01:56] [Server thread/INFO]: Prêmio: $500.000 + +40 PDC + Insígnia de Eventos + Մ
[19:01:56] [Server thread/INFO]: Jogadores no evento: 0 Chamadas Restantes: 3
[19:01:56] [Server thread/INFO]: 
[19:02:01] [Server thread/INFO]: _Saynt issued server command: /plugman list
[19:02:07] [Server thread/INFO]: LolozinhaC_FJF issued server command: /fly
[19:02:09] [Server thread/INFO]: LolozinhaC_FJF issued server command: /ec
[19:02:11] [Server thread/INFO]: 
[19:02:11] [Server thread/INFO]: Evento Torneio Clique aqui para participar!
[19:02:11] [Server thread/INFO]: Prêmio: $500.000 + +40 PDC + Insígnia de Eventos + Մ
[19:02:11] [Server thread/INFO]: Jogadores no evento: 0 Chamadas Restantes: 2
[19:02:11] [Server thread/INFO]: 
[19:02:17] [Craft Scheduler Thread - 15 - CentralCart/INFO]: [{"username":"Muttarius","spent":"R$ 47,92","purchases":1,"identifier":"Muttarius"}]
[19:02:20] [Server thread/INFO]: LolozinhaC_FJF issued server command: /ec
[19:02:26] [Server thread/INFO]: 
[19:02:26] [Server thread/INFO]: Evento Torneio Clique aqui para participar!
[19:02:26] [Server thread/INFO]: Prêmio: $500.000 + +40 PDC + Insígnia de Eventos + Մ
[19:02:26] [Server thread/INFO]: Jogadores no evento: 0 Chamadas Restantes: 1
[19:02:26] [Server thread/INFO]: 
[19:02:28] [Server thread/INFO]: [NBTAPI] [NBTAPI] Found Minecraft: 1.21.11! Trying to find NMS support
[19:02:28] [Server thread/WARN]: [NBTAPI] [NBTAPI] This Server-Version(1.21.11-R0.1-SNAPSHOT) is not supported by this NBT-API Version(2.15.2) located in NextCash. The NBT-API will try to work as good as it can! Some functions may not work!
[19:02:28] [Server thread/INFO]: [NBTAPI] [NBTAPI] Using the plugin 'NextCash' to create a bStats instance!
[19:02:31] [Server thread/INFO]: _Saynt issued server command: /traisl
[19:02:33] [Server thread/INFO]: _Saynt issued server command: /trails
[19:02:41] [Server thread/INFO]: 
[19:02:41] [Server thread/INFO]: Evento Torneio Clique aqui para participar!
[19:02:41] [Server thread/INFO]: Prêmio: $500.000 + +40 PDC + Insígnia de Eventos + Մ
[19:02:41] [Server thread/INFO]: Jogadores no evento: 0 Chamadas Restantes: 0
[19:02:41] [Server thread/INFO]: 
[19:02:56] [Server thread/INFO]: 
[19:02:56] [Server thread/INFO]: Evento cancelado.
[19:02:56] [Server thread/INFO]: A quantidade mínima de jogadores não foi atingida.
[19:02:56] [Server thread/INFO]: 
[19:03:12] [Server thread/INFO]: Sign Spy - Local: x: 5124, y: 91, z: -3888, mundo: world
[19:03:12] [Server thread/INFO]: Player: LolozinhaC_FJF
[19:03:12] [Server thread/INFO]: Linhas - 1: barrel - 2: 
[19:03:12] [Server thread/INFO]: Linhas - 3:  - 4: 
[19:03:17] [Craft Scheduler Thread - 11 - CentralCart/INFO]: [{"username":"Muttarius","spent":"R$ 47,92","purchases":1,"identifier":"Muttarius"}]
[19:03:19] [Server thread/INFO]: Sign Spy - Local: x: 5129, y: 91, z: -3888, mundo: world
[19:03:19] [Server thread/INFO]: Player: LolozinhaC_FJF
[19:03:19] [Server thread/INFO]: Linhas - 1: barrel - 2: 
[19:03:19] [Server thread/INFO]: Linhas - 3:  - 4: 
